name,ra,dec,nuclear,2MASS,Bmag,Dist,GWGC,HyperLEDA,M*,PAHyp,PGC,SDSS-DR16Q,Type,WISExSCOS,any_posterior,best_cat,best_cat_release,dec_ivar,dered_flux_r,dered_mag_r,e_Bmag,e_M*,e_logd25Hyp,e_logr25Hyp,extra_cat_cols,f_M*,f_dL,fitbits,flux_ivar_r,flux_r,high_host_confidence,host_2_absmag_info,host_2_absmag_mean,host_2_absmag_posterior,host_2_absmag_std,host_2_dec,host_2_name,host_2_objID,host_2_offset_info,host_2_offset_mean,host_2_offset_posterior,host_2_offset_std,host_2_ra,host_2_redshift_info,host_2_redshift_mean,host_2_redshift_posterior,host_2_redshift_std,host_2_total_posterior,host_absmag_info,host_absmag_mean,host_absmag_posterior,host_absmag_std,host_any_non_ratio,host_dec,host_name,host_objID,host_offset_info,host_offset_mean,host_offset_posterior,host_offset_std,host_prob_ratio,host_ra,host_redshift_info,host_redshift_mean,host_redshift_posterior,host_redshift_std,host_total_posterior,idx,logd25Hyp,logr25Hyp,mag_r,missedcat_posterior,nobs_g,nobs_r,nobs_z,none_posterior,query_time,ra_ivar,redshift,shape_e1,shape_e1_ivar,shape_e2,shape_e2_ivar,shape_r,shape_r_ivar,smallcone_posterior,type,z_phot_mean,z_phot_median,z_phot_std,z_spec
ANT2024jgl3vtrqnmd5,278.5638081738161,51.85702587700607,True,,,,,,,,,,,,0.9999999999999925,decals,dr9,126715460000.0,2.988366,21.311415,,,,,"{'z_spec': -99, 'z_phot_mean': 0.893386, 'shape_r_ivar': 8828.273, 'fitbits': 2, 'shape_e1': 0.0, 'z_phot_std': 0.255664, 'dec_ivar': 126715460000.0, 'dered_mag_r': 21.311415, 'ra_ivar': 116044554000.0, 'shape_e2_ivar': 0.0, 'shape_e1_ivar': 0.0, 'nobs_g': 4, 'shape_r': 0.372497, 'dered_flux_r': 2.988366, 'mag_r': 21.418688, 'nobs_r': 3, 'flux_r': 2.707227, 'flux_ivar_r': 149.86113, 'type': 'REX', 'z_phot_median': 0.891751, 'shape_e2': 0.0, 'nobs_z': 3}",,,2.0,149.86113,2.707227,True,r,-19.7879328669549,,1.2116189000000002,51.89621983967046,,9907738066815200.0,,296.3688209025654,0.0,0.0715216593949145,278.4465411058155,PHOT,0.970659,,0.162589,0.0,r,-22.48647266999819,,1.06557075,132812890574865.0,51.85702783307236,9907738008424844.0,9907738008424844.0,,0.102337530497752,0.9999999999999922,0.0546573585229572,inf,278.5638046774968,PHOT,0.893386,,0.255664,0.9999999999999922,3.0,,,21.418688,2.509796540761493e-15,4.0,3.0,3.0,7.529389622284478e-15,1.748927116394043,116044554000.0,,0.0,0.0,0.0,0.0,0.372497,8828.273,2.509796540761493e-15,REX,0.893386,0.891751,0.255664,-99.0
ANT202296420bn5wxa8,273.66411309388366,80.70062971378559,False,,,,,,,,,,,,0.9999999999992332,decals,dr9,1.3503982e+16,700.92395,15.385822,,,,,"{'z_spec': -99, 'z_phot_mean': 0.025799, 'shape_r_ivar': 0.0, 'fitbits': 4290, 'shape_e1': 0.0, 'z_phot_std': 0.018805, 'dec_ivar': 1.3503982e+16, 'dered_mag_r': 15.385822, 'ra_ivar': 2.16918e+16, 'shape_e2_ivar': 0.0, 'shape_e1_ivar': 0.0, 'nobs_g': 2, 'shape_r': 0.0, 'dered_flux_r': 700.92395, 'mag_r': 15.525748, 'nobs_r': 3, 'flux_r': 616.1705, 'flux_ivar_r': 0.025474, 'type': 'PSF', 'z_phot_median': 0.022631, 'shape_e2': 0.0, 'nobs_z': 5}",,,4290.0,0.025474,616.1705,True,r,-20.09796723783224,,1.1046942,80.73697373909135,,9907742387143064.0,,294.70522704134,0.0,0.0463601209285607,273.2092891296895,PHOT,0.486857,,0.115446,0.0,r,-19.873406680968635,,0.7692911,1304147659987.1191,80.70092515932294,9907742387144340.0,9907742387144340.0,,1.0595219144562391,0.9673914925068212,0.0991176063819943,inf,273.66398657024416,PHOT,0.025799,,0.0128995,0.9673914925068212,7.0,,,15.525748,2.5559477930311204e-13,2.0,3.0,5.0,7.667843379093361e-13,1.5149719715118408,2.16918e+16,,0.0,0.0,0.0,0.0,0.0,0.0,2.5559477930311204e-13,PSF,0.025799,0.022631,0.018805,-99.0
ANT2022dqzmyh8zblp6,12.364633137361515,17.605838977097065,True,,,,,,,,,,,,0.9999999999977308,decals,dr9,1.588677e+16,1149.418,14.848805,,,,,"{'z_spec': -99.0, 'z_phot_mean': 0.05638, 'shape_r_ivar': 0.0, 'fitbits': 4290, 'shape_e1': 0.0, 'z_phot_std': 0.027053, 'dec_ivar': 1.588677e+16, 'dered_mag_r': 14.848805, 'ra_ivar': 6898465000000000.0, 'shape_e2_ivar': 0.0, 'shape_e1_ivar': 0.0, 'nobs_g': 2, 'shape_r': 0.0, 'dered_flux_r': 1149.418, 'mag_r': 14.988011, 'nobs_r': 2, 'flux_r': 1011.1027, 'flux_ivar_r': 2.961673, 'type': 'PSF', 'z_phot_median': 0.053039, 'shape_e2': 0.0, 'nobs_z': 3}",,,4290.0,2.961673,1011.1027,True,r,-18.9316637987105,,1.0741472,17.677073587461358,,9906628022568544.0,,299.80457460374873,0.0,0.0986117255952358,12.409901463383514,PHOT,0.241275,,0.103715,0.0,r,-22.15649387326148,,0.74244025,440661350716.4619,17.605994385651513,9906627932390584.0,9906627932390584.0,,1.3026189897971727,0.9999999999977308,0.0972036597164531,inf,12.364973740787049,PHOT,0.05638,,0.027053,0.9999999999977308,1.0,,,14.988011,7.56438777284682e-13,2.0,2.0,3.0,2.2693163318540458e-12,1.5389840602874756,6898465000000000.0,,0.0,0.0,0.0,0.0,0.0,0.0,7.56438777284682e-13,PSF,0.05638,0.053039,0.027053,-99.0
ANT20229cxk6l4remb2,7.446799858235076,4.893238765301746,True,,,,,,,,,,,,0.9999999999991448,decals,dr9,1.5919685e+16,968.2494,15.035032,,,,,"{'z_spec': -99.0, 'z_phot_mean': 0.017299, 'shape_r_ivar': 0.0, 'fitbits': 4290, 'shape_e1': 0.0, 'z_phot_std': 0.018471, 'dec_ivar': 1.5919685e+16, 'dered_mag_r': 15.035032, 'ra_ivar': 5763077000000000.0, 'shape_e2_ivar': 0.0, 'shape_e1_ivar': 0.0, 'nobs_g': 6, 'shape_r': 0.0, 'dered_flux_r': 968.2494, 'mag_r': 15.067492, 'nobs_r': 4, 'flux_r': 939.72986, 'flux_ivar_r': 12.039621, 'type': 'PSF', 'z_phot_median': 0.006778, 'shape_e2': 0.0, 'nobs_z': 5}",,,4290.0,12.039621,939.72986,True,r,-19.792780156383284,,1.2131642500000002,4.945697915670645,,9906623305423076.0,,297.8926771325577,0.0,0.0974598872574637,7.511031686362686,PHOT,0.983678,,0.367071,0.0,r,-19.34242978168028,,0.7517516,1169329699308.457,4.893183609651377,9906623305421418.0,9906623305421418.0,,1.0719798928824862,0.9999999999991448,0.0999541229883862,inf,7.447091385887885,PHOT,0.017299,,0.0086495,0.9999999999991448,0.0,,,15.067492,2.8506359971031453e-13,6.0,4.0,5.0,8.551907991309431e-13,1.7516372203826904,5763077000000000.0,,0.0,0.0,0.0,0.0,0.0,0.0,2.8506359971031453e-13,PSF,0.017299,0.006778,0.018471,-99.0
ANT2022j3r60cmkt223,294.2709444999999,56.5908105689173,False,,,,,,,,,,,,0.9999999999987006,decals,dr9,1.9345997e+16,1591.6969,14.495349,,,,,"{'z_spec': -99, 'z_phot_mean': 0.011825, 'shape_r_ivar': 0.0, 'fitbits': 4290, 'shape_e1': 0.0, 'z_phot_std': 0.008231, 'dec_ivar': 1.9345997e+16, 'dered_mag_r': 14.495349, 'ra_ivar': 1.8696897e+16, 'shape_e2_ivar': 0.0, 'shape_e1_ivar': 0.0, 'nobs_g': 1, 'shape_r': 0.0, 'dered_flux_r': 1591.6969, 'mag_r': 14.714466, 'nobs_r': 1, 'flux_r': 1300.8086, 'flux_ivar_r': 0.003773, 'type': 'PSF', 'z_phot_median': 0.009248, 'shape_e2': 0.0, 'nobs_z': 4}",,,4290.0,0.003773,1300.8086,True,r,-20.606095001034017,,1.16387375,56.65670505794442,,9907739116051180.0,,294.84584605313546,0.0,0.0877097293410885,294.1825305511771,PHOT,0.922412,,0.151786,0.0,r,-19.04699728155376,,0.72476745,769583650032.8633,56.59113242766243,9907739064010956.0,9907739064010956.0,,1.1767241459130688,0.9999999999987006,0.0996428921580973,inf,294.27084130674046,PHOT,0.011825,,0.0059125,0.9999999999987006,9.0,,,14.714466,4.331346349661482e-13,1.0,1.0,4.0,1.2994039048984446e-12,1.9465720653533936,1.8696897e+16,,0.0,0.0,0.0,0.0,0.0,0.0,4.331346349661482e-13,PSF,0.011825,0.009248,0.008231,-99.0
ANT2024vu3d8x7idxfh,151.5598020254827,66.657958475853,True,,,,,,,,,,,,0.9999999999954852,decals,dr9,7.401158e+16,5143.868,13.221775,,,,,"{'z_spec': -99, 'z_phot_mean': 0.010825, 'shape_r_ivar': 0.0, 'fitbits': 4290, 'shape_e1': 0.0, 'z_phot_std': 0.009225, 'dec_ivar': 7.401158e+16, 'dered_mag_r': 13.221775, 'ra_ivar': 1.1987905e+17, 'shape_e2_ivar': 0.0, 'shape_e1_ivar': 0.0, 'nobs_g': 3, 'shape_r': 0.0, 'dered_flux_r': 5143.868, 'mag_r': 13.438415, 'nobs_r': 3, 'flux_r': 4213.415, 'flux_ivar_r': 0.001061, 'type': 'PSF', 'z_phot_median': 0.008161, 'shape_e2': 0.0, 'nobs_z': 3}",,,4290.0,0.001061,4213.415,False,r,-20.4648747164846,,1.0841532,66.65882762719293,,9907740891023928.0,,28.216123636025003,0.1006909880905423,0.039922504213333,151.5401434034661,PHOT,0.4787,,0.23935,0.1006909880905423,r,-20.127050091784007,,0.66108875,221497219874.46133,66.65828796091056,9907740891024030.0,9907740891024030.0,,1.495703899939993,0.899309011904738,0.0798958717710944,8.931375378857844,151.5604381369202,PHOT,0.010825,,0.0054125,0.899309011904738,1.0,,,13.438415,1.5049097840629908e-12,3.0,3.0,3.0,4.514729352188973e-12,1.2406518459320068,1.1987905e+17,,0.0,0.0,0.0,0.0,0.0,0.0,1.5049097840629908e-12,PSF,0.010825,0.008161,0.009225,-99.0
ANT20240yb2v0amgcmh,276.6330294822336,63.46429176458601,True,,,,,,,,,,,,0.9999999999999896,decals,dr9,,,,,,,,"{'z_spec': -99, 'z_phot_mean': 0.562246, 'shape_r_ivar': 6425.8467, 'fitbits': 0, 'shape_e1': 0.0, 'z_phot_std': 0.156998, 'dec_ivar': 125146186000.0, 'dered_mag_r': 21.081936, 'ra_ivar': 124491506000.0, 'shape_e2_ivar': 0.0, 'shape_e1_ivar': 0.0, 'nobs_g': 2, 'shape_r': 0.305233, 'dered_flux_r': 3.691694, 'mag_r': 21.166956, 'nobs_r': 2, 'flux_r': 3.413642, 'flux_ivar_r': 103.94819, 'type': 'REX', 'z_phot_median': 0.549423, 'shape_e2': 0.0, 'nobs_z': 4}",,,,,,True,,,,,,,,,,,,,,,,,0.0,,-21.48611369668417,,,97238632246441.88,,9907740386002664.0,9907740386002664.0,,0.1377942510034207,,,inf,,,0.562246,,,0.9999999999999876,3.0,,,,3.42799282170618e-15,,,,1.0283978465118541e-14,1.4798431396484375,,,,,,,,,3.42799282170618e-15,,,,,
ANT20259k5br2epunvk,247.3555804351098,37.83420830890052,False,,,,,,,,,,,,0.9999999999875564,decals,dr9,,,,,,,,"{'z_spec': -99.0, 'z_phot_mean': 0.602667, 'shape_r_ivar': 80.75507, 'fitbits': 0, 'shape_e1': -0.012357, 'z_phot_std': 0.052092, 'dec_ivar': 17819134000.0, 'dered_mag_r': 20.062002, 'ra_ivar': 17504674000.0, 'shape_e2_ivar': 2722.023, 'shape_e1_ivar': 944.42004, 'nobs_g': 3, 'shape_r': 4.909889, 'dered_flux_r': 9.444932, 'mag_r': 20.084993, 'nobs_r': 3, 'flux_r': 9.247033, 'flux_ivar_r': 10.099248, 'type': 'DEV', 'z_phot_median': 0.605879, 'shape_e2': 0.123369, 'nobs_z': 5}",,,,,,True,,,,,,,,,,,,,,,,,0.0,,-22.68867955906142,,,80362563077.98082,,9907734250523680.0,9907734250523680.0,,32.01022296627026,,,inf,,,0.602667,,,0.9456193527253792,4.0,,,,4.1478683675846825e-12,,,,1.2443605102754047e-11,1.4468939304351809,,,,,,,,,4.1478683675846825e-12,,,,,
ANT2025580yvx263fht,246.0200186295422,28.98470770352961,True,,,,,,,,,,,,0.9999999999999668,decals,dr9,,,,,,,,"{'z_spec': -99.0, 'z_phot_mean': 0.455213, 'shape_r_ivar': 682.22174, 'fitbits': 0, 'shape_e1': 0.0, 'z_phot_std': 0.174852, 'dec_ivar': 6948549000.0, 'dered_mag_r': 22.35879, 'ra_ivar': 8021264000.0, 'shape_e2_ivar': 0.0, 'shape_e1_ivar': 0.0, 'nobs_g': 3, 'shape_r': 0.601722, 'dered_flux_r': 1.138897, 'mag_r': 22.427214, 'nobs_r': 2, 'flux_r': 1.069337, 'flux_ivar_r': 137.9721, 'type': 'REX', 'z_phot_median': 0.438032, 'shape_e2': 0.0, 'nobs_z': 5}",,,,,,True,,,,,,,,,,,,,,,,,0.0,,-19.6587107530512,,,30265004870378.17,,9906631978257044.0,9906631978257044.0,,0.7940820793434308,,,inf,,,0.455213,,,0.999503747931214,8.0,,,,1.1013820574652271e-14,,,,3.304146172395681e-14,1.858625888824463,,,,,,,,,1.1013820574652271e-14,,,,,
ANT2025fp3gmfz80sh5,251.1261953549651,24.95748181690168,False,,,,,,,,,,,,0.9999999999999828,decals,dr9,,,,,,,,"{'z_spec': -99.0, 'z_phot_mean': 0.139899, 'shape_r_ivar': 175512.3, 'fitbits': 136, 'shape_e1': 0.143416, 'z_phot_std': 0.025655, 'dec_ivar': 129584240000000.0, 'dered_mag_r': 16.84588, 'ra_ivar': 254424470000000.0, 'shape_e2_ivar': 506521.8, 'shape_e1_ivar': 742409.25, 'nobs_g': 3, 'shape_r': 1.736186, 'dered_flux_r': 182.66191, 'mag_r': 16.947279, 'nobs_r': 2, 'flux_r': 166.37506, 'flux_ivar_r': 24.783028, 'type': 'SER', 'z_phot_median': 0.14078, 'shape_e2': 0.054444, 'nobs_z': 3}",,,,,,True,,,,,,,,,,,,,,,,,0.0,,-22.254897692365297,,,57952582384263.2,,9906630632540538.0,9906630632540538.0,,1.3897203133777087,,,inf,,,0.139899,,,0.9999999999999828,0.0,,,,5.751828816239998e-15,,,,1.7255486448719998e-14,1.7965753078460691,,,,,,,,,5.751828816239998e-15,,,,,
ANT20251dcjunevbg2v,253.33621395,-8.425645109826817,False,,,,,,,,,,,,,,,,,,,,,,{},,,,,,False,,,,,,,,,,,,,,,,,,,,,,,,,,,,,,,,,,,,,2.0,,,,,,,,,,,,,,,,,,,,,,,
ANT202521z76irz2t1u,251.17429464981623,41.31737199070238,False,,,,,,,,,,,,0.8053294716988573,glade,latest,,,,,,,,"{'PAHyp': 179.2, 'logd25Hyp': 0.41, 'Dist': 358.096, 'redshift': 0.0789205775807693, '2MASS': nan, 'f_M*': 0.0, 'PGC': '       ', 'M*': '   4.00000', 'Bmag': 17.51, 'e_Bmag': 0.8755000000000002, 'SDSS-DR16Q': nan, 'f_dL': 1.0, 'e_M*': ' 4.000e+00', 'e_logd25Hyp': 0.11, 'WISExSCOS': 'J164441.88+411853.4', 'HyperLEDA': '2179140                      ', 'Type': 'G', 'logr25Hyp': 0.08, 'e_logr25Hyp': 0.03, 'GWGC': nan}",,,,,,False,,,,,,,,,,,,,,,,,0.8053294716988573,,-20.259997339180355,,,4.136884400154627,,2179140.0,2571392.0,,9.3094664339407,,,1.0,,,0.0789205775807693,,,0.8053294716988573,1.0,,,,0.194670499287758,,,,0.1946705283011427,0.006364107131958,,,,,,,,,0.0,,,,,
ANT20254v3b87hci7hk,243.97335969936296,65.24079478827758,False,,,,,,,,,,,,0.9999999999999388,decals,dr9,,,,,,,,"{'z_spec': -99, 'z_phot_mean': 0.07301, 'shape_r_ivar': 33617.477, 'fitbits': 0, 'shape_e1': -0.255958, 'z_phot_std': 0.024075, 'dec_ivar': 1374789400000.0, 'dered_mag_r': 17.89423, 'ra_ivar': 703290100000.0, 'shape_e2_ivar': 303286.97, 'shape_e1_ivar': 263975.34, 'nobs_g': 3, 'shape_r': 2.554574, 'dered_flux_r': 69.55176, 'mag_r': 17.947472, 'nobs_r': 3, 'flux_r': 66.22333, 'flux_ivar_r': 28.781399, 'type': 'EXP', 'z_phot_median': 0.071575, 'shape_e2': 0.310341, 'nobs_z': 3}",,,,,,True,,,,,,,,,,,,,,,,,0.0,,-19.697821841353623,,,16315640071725.545,,9907740669119476.0,9907740669119476.0,,2.694053086907396,,,inf,,,0.07301,,,0.9964543010396232,2.0,,,,2.0430294604927482e-14,,,,6.129088381478244e-14,1.6087040901184082,,,,,,,,,2.0430294604927482e-14,,,,,
ANT2025usim4974sce3,271.3948466685199,52.020654776738354,False,,,,,,,,,,,,0.9980008637010224,decals,dr9,,,,,,,,"{'z_spec': -99, 'z_phot_mean': 0.171387, 'shape_r_ivar': 1152.7997, 'fitbits': 6, 'shape_e1': 0.0, 'z_phot_std': 0.097511, 'dec_ivar': 607903360.0, 'dered_mag_r': 18.451351, 'ra_ivar': 746440260.0, 'shape_e2_ivar': 0.0, 'shape_e1_ivar': 0.0, 'nobs_g': 2, 'shape_r': 8.384, 'dered_flux_r': 41.63507, 'mag_r': 18.563938, 'nobs_r': 3, 'flux_r': 37.53396, 'flux_ivar_r': 1.517783, 'type': 'REX', 'z_phot_median': 0.175969, 'shape_e2': 0.0, 'nobs_z': 4}",,,,,,True,,,,,,,,,,,,,,,,,0.0040756605888457,,-21.132670932584865,,,499.21601854329685,,9907738065638580.0,9907738065638580.0,,35.80093846357189,,,225.1235177704633,,,0.171387,,,0.9175270489993972,4.0,,,,0.0019991275831467,,,,0.0019991362989776,1.8352372646331787,,,,,,,,,0.0,,,,,
ANT2025osqwu0mz4mfs,271.53337186579364,31.629980016545616,False,,,,,,,,,,,,,,,,,,,,,,{},,,,,,False,,,,,,,,,,,,,,,,,,,,,,,,,,,,,,,,,,,,,1.0,,,,,,,,,,,,,,,,,,,,,,,
ANT2025uwrns2mb53u3,250.5056424,-0.2586130498696235,False,,,,,,,,,,,,0.9999999999999868,decals,dr9,,,,,,,,"{'z_spec': -99, 'z_phot_mean': 0.979835, 'shape_r_ivar': 0.0, 'fitbits': 0, 'shape_e1': 0.0, 'z_phot_std': 0.484316, 'dec_ivar': 1582580100.0, 'dered_mag_r': 24.102789, 'ra_ivar': 1503689200.0, 'shape_e2_ivar': 0.0, 'shape_e1_ivar': 0.0, 'nobs_g': 1, 'shape_r': 0.0, 'dered_flux_r': 0.228499, 'mag_r': 24.40144, 'nobs_r': 1, 'flux_r': 0.17355, 'flux_ivar_r': 237.10577, 'type': 'PSF', 'z_phot_median': 1.027647, 'shape_e2': 0.0, 'nobs_z': 1}",,,,,,True,,,,,,,,,,,,,,,,,0.0,,-19.94277075992196,,,75798847396089.47,,9906621388554396.0,9906621388554396.0,,0.1581694983183087,,,inf,,,0.979835,,,0.9999999999999868,4.0,,,,4.397604248406103e-15,,,,1.3192812745218307e-14,1.539072036743164,,,,,,,,,4.397604248406103e-15,,,,,
ANT2025tde09dwvmxon,235.02724815106623,35.745757334046,False,,,,,,,,,,,,0.9263862997901724,decals,dr9,,,,,,,,"{'z_spec': -99.0, 'z_phot_mean': 0.11837, 'shape_r_ivar': 29.076313, 'fitbits': 6, 'shape_e1': 0.451919, 'z_phot_std': 0.093161, 'dec_ivar': 11127649000.0, 'dered_mag_r': 19.04295, 'ra_ivar': 28076788000.0, 'shape_e2_ivar': 4133.2393, 'shape_e1_ivar': 7388.541, 'nobs_g': 4, 'shape_r': 13.2048, 'dered_flux_r': 24.144617, 'mag_r': 19.09876, 'nobs_r': 3, 'flux_r': 22.934832, 'flux_ivar_r': 2.364483, 'type': 'DEV', 'z_phot_median': 0.097353, 'shape_e2': 0.193033, 'nobs_z': 3}",,,,,,True,,,,,,,,,,,,,,,,,7.246197231908232e-23,,-19.66486893884837,,,12.584427859890395,,9907733641888676.0,9907733641888676.0,,72.00759234647886,,,8.85492679008547e+21,,,0.11837,,,0.6416454599506738,0.0,,,,0.0654998870876331,,,,0.0736137002098274,1.804348707199097,,,,,,,,,0.0,,,,,
ANT2025d55mso6xniz7,241.15931356518144,49.44618556048801,False,,,,,,,,,,,,0.9999999999999812,decals,dr9,,,,,,,,"{'z_spec': 0.024334, 'z_phot_mean': 0.030784, 'shape_r_ivar': 565910.44, 'fitbits': 528, 'shape_e1': -0.700833, 'z_phot_std': 0.01054, 'dec_ivar': 3296670000000.0, 'dered_mag_r': 15.205693, 'ra_ivar': 199992560000.0, 'shape_e2_ivar': 5352846.0, 'shape_e1_ivar': 9251612.0, 'nobs_g': 3, 'shape_r': 22.614714, 'dered_flux_r': 827.4133, 'mag_r': 15.269255, 'nobs_r': 3, 'flux_r': 780.3655, 'flux_ivar_r': 0.953898, 'type': 'SER', 'z_phot_median': 0.030521, 'shape_e2': -0.221501, 'nobs_z': 3}",,,,,,True,,,,,,,,,,,,,,,,,0.0,,-19.924212746885285,,,52965855156177.86,,9907737462048284.0,9907737462048284.0,,19.7594844534166,,,inf,,,0.024334,,,0.9339251138813924,6.0,,,,6.293362626742136e-15,,,,1.888008788022641e-14,1.3744990825653076,,,,,,,,,6.293362626742136e-15,,,,,
ANT2025k8sit7list05,248.4542609343572,44.82961973211969,False,,,,,,,,,,,,0.9990347734349196,decals,dr9,,,,,,,,"{'z_spec': -99.0, 'z_phot_mean': 0.177053, 'shape_r_ivar': 5148.77, 'fitbits': 0, 'shape_e1': -0.03873, 'z_phot_std': 0.037403, 'dec_ivar': 125623330000.0, 'dered_mag_r': 19.971882, 'ra_ivar': 116553530000.0, 'shape_e2_ivar': 11044.203, 'shape_e1_ivar': 6208.887, 'nobs_g': 3, 'shape_r': 1.323291, 'dered_flux_r': 10.262354, 'mag_r': 20.001749, 'nobs_r': 3, 'flux_r': 9.983897, 'flux_ivar_r': 55.46373, 'type': 'EXP', 'z_phot_median': 0.182144, 'shape_e2': -0.351055, 'nobs_z': 3}",,,,,,True,,,,,,,,,,,,,,,,,0.0,,-19.69020845658803,,,1035.0261892675596,,9907736240587172.0,9907736240587172.0,,1.2462151708989468,,,inf,,,0.177053,,,0.9990347734349196,9.0,,,,0.0009652237966186,,,,0.0009652265650803,1.5606532096862793,,,,,,,,,0.0,,,,,
ANT20256qqa5axr4b7l,279.65850453642764,62.52666486545439,False,,,,,,,,,,,,,,,,,,,,,,{},,,,,,False,,,,,,,,,,,,,,,,,,,,,,,,,,,,,,,,,,,,,1.0,,,,,,,,,,,,,,,,,,,,,,,
ANT2025l6ixso7811qr,268.71737156222923,64.7847666324668,False,,,,,,,,,,,,0.9999388325471124,decals,dr9,,,,,,,,"{'z_spec': -99, 'z_phot_mean': 0.114512, 'shape_r_ivar': 18.400993, 'fitbits': 9220, 'shape_e1': 0.154038, 'z_phot_std': 0.154266, 'dec_ivar': 250731170.0, 'dered_mag_r': 18.901445, 'ra_ivar': 430649400.0, 'shape_e2_ivar': 2924.7798, 'shape_e1_ivar': 3239.7048, 'nobs_g': 3, 'shape_r': 12.3664, 'dered_flux_r': 27.505663, 'mag_r': 18.972708, 'nobs_r': 3, 'flux_r': 25.758274, 'flux_ivar_r': 1.355399, 'type': 'EXP', 'z_phot_median': 0.037622, 'shape_e2': -0.147742, 'nobs_z': 4}",,,,,,False,,,,,,,,,,,,,,,,,0.1788960505535022,,-19.72893146078091,,,16347.56370162459,,9907740591850698.0,9907740591850698.0,,23.27659489910993,,,1.7260576860501813,,,0.114512,,,0.3087849030618943,3.0,,,,6.116695326997983e-05,,,,6.116745288765814e-05,1.449565887451172,,,,,,,,,0.0,,,,,
ANT2025d60bfr95anxm,264.5013512496734,69.97462750237898,False,,,,,,,,,,,,,,,,,,,,,,{},,,,,,False,,,,,,,,,,,,,,,,,,,,,,,,,,,,,,,,,,,,,1.0,,,,,,,,,,,,,,,,,,,,,,,
ANT2025cu57q2srd1zf,270.486467683256,66.08674405108165,False,,,,,,,,,,,,0.9999999999999718,decals,dr9,,,,,,,,"{'z_spec': -99, 'z_phot_mean': 0.367623, 'shape_r_ivar': 388.3668, 'fitbits': 0, 'shape_e1': -0.375814, 'z_phot_std': 0.319445, 'dec_ivar': 5320523000.0, 'dered_mag_r': 22.360216, 'ra_ivar': 3061678600.0, 'shape_e2_ivar': 333.98935, 'shape_e1_ivar': 311.77762, 'nobs_g': 3, 'shape_r': 0.877778, 'dered_flux_r': 1.1374, 'mag_r': 22.454264, 'nobs_r': 3, 'flux_r': 1.043024, 'flux_ivar_r': 146.94792, 'type': 'EXP', 'z_phot_median': 0.241275, 'shape_e2': 0.069566, 'nobs_z': 4}",,,,,,True,,,,,,,,,,,,,,,,,0.0,,-19.108618259065945,,,35502864827412.9,,9907740789507404.0,9907740789507404.0,,0.9927572634417364,,,inf,,,0.367623,,,0.9986481524830756,5.0,,,,9.388913682141693e-15,,,,2.816674104642507e-14,1.482746124267578,,,,,,,,,9.388913682141693e-15,,,,,
ANT2025kee8tv75qgc8,263.5487634573575,66.75729888013869,False,,,,,,,,,,,,0.9999999999999568,decals,dr9,,,,,,,,"{'z_spec': -99, 'z_phot_mean': 0.094156, 'shape_r_ivar': 86017.79, 'fitbits': 0, 'shape_e1': 0.0, 'z_phot_std': 0.02269, 'dec_ivar': 974635100000.0, 'dered_mag_r': 17.807652, 'ra_ivar': 1004616600000.0, 'shape_e2_ivar': 0.0, 'shape_e1_ivar': 0.0, 'nobs_g': 2, 'shape_r': 1.606209, 'dered_flux_r': 75.32503, 'mag_r': 17.894308, 'nobs_r': 2, 'flux_r': 69.5467, 'flux_ivar_r': 20.124697, 'type': 'REX', 'z_phot_median': 0.097387, 'shape_e2': 0.0, 'nobs_z': 3}",,,,,,True,,,,,,,,,,,,,,,,,0.0,,-20.368247498920727,,,23181478634984.66,,9907740902689440.0,9907740902689440.0,,2.7529198683219573,,,inf,,,0.094156,,,0.8321951517089776,8.0,,,,1.4379295582563238e-14,,,,4.3137886747689713e-14,1.3958740234375,,,,,,,,,1.4379295582563238e-14,,,,,
ANT2025xavmrranlqi3,251.3615752963997,65.59108205023325,False,,,,,,,,,,,,0.9985355992372034,decals,dr9,,,,,,,,"{'z_spec': -99, 'z_phot_mean': 0.125205, 'shape_r_ivar': 805.80505, 'fitbits': 0, 'shape_e1': 0.271027, 'z_phot_std': 0.116971, 'dec_ivar': 12316402000.0, 'dered_mag_r': 21.22956, 'ra_ivar': 22495420000.0, 'shape_e2_ivar': 787.57184, 'shape_e1_ivar': 1065.4413, 'nobs_g': 3, 'shape_r': 1.175614, 'dered_flux_r': 3.222373, 'mag_r': 21.278442, 'nobs_r': 3, 'flux_r': 3.080513, 'flux_ivar_r': 110.33232, 'type': 'EXP', 'z_phot_median': 0.101206, 'shape_e2': -0.172156, 'nobs_z': 3}",,,,,,True,,,,,,,,,,,,,,,,,0.0,,-17.60981145160539,,,681.8731761175777,,9907740709488116.0,9907740709488116.0,,1.5293452329273771,,,inf,,,0.125205,,,0.9983731297688532,4.0,,,,0.0014643953662761,,,,0.0014644007627967,1.5340709686279297,,,,,,,,,0.0,,,,,
ANT2025sd4xtclngeas,235.94498137625217,71.4431246281617,False,,,,,,,,,,,,0.9999999999999551,decals,dr9,,,,,,,,"{'z_spec': -99, 'z_phot_mean': 0.174728, 'shape_r_ivar': 11596.848, 'fitbits': 0, 'shape_e1': -0.610326, 'z_phot_std': 0.035323, 'dec_ivar': 1248473100000.0, 'dered_mag_r': 18.76551, 'ra_ivar': 339398100000.0, 'shape_e2_ivar': 47857.766, 'shape_e1_ivar': 49569.703, 'nobs_g': 4, 'shape_r': 1.927233, 'dered_flux_r': 31.174238, 'mag_r': 18.830057, 'nobs_r': 3, 'flux_r': 29.374956, 'flux_ivar_r': 64.23566, 'type': 'SER', 'z_phot_median': 0.1689, 'shape_e2': -0.194482, 'nobs_z': 2}",,,,,,True,,,,,,,,,,,,,,,,,0.0,,-20.864829965545603,,,22287306847767.004,,9907741541992298.0,9907741541992298.0,,1.771078430036911,,,inf,,,0.174728,,,0.9999999999999551,2.0,,,,1.495619617076863e-14,,,,4.4868588512305896e-14,1.4639389514923096,,,,,,,,,1.495619617076863e-14,,,,,
ANT2025q08uajwyl8kb,232.3122427,80.78211194618913,False,,,,,,,,,,,,0.9977201084703,decals,dr9,,,,,,,,"{'z_spec': -99, 'z_phot_mean': 0.077116, 'shape_r_ivar': 7412.7734, 'fitbits': 1026, 'shape_e1': -0.400506, 'z_phot_std': 0.017289, 'dec_ivar': 1279008600000.0, 'dered_mag_r': 18.191898, 'ra_ivar': 553520330000.0, 'shape_e2_ivar': 186171.69, 'shape_e1_ivar': 168212.17, 'nobs_g': 4, 'shape_r': 3.645753, 'dered_flux_r': 52.873795, 'mag_r': 18.26921, 'nobs_r': 4, 'flux_r': 49.23969, 'flux_ivar_r': 29.16773, 'type': 'SER', 'z_phot_median': 0.077815, 'shape_e2': -0.548494, 'nobs_z': 3}",,,,,,True,,,,,,,,,,,,,,,,,0.0005898936078235,,-19.52515940323222,,,437.6173583142357,,9907742385374386.0,9907742385374386.0,,5.81374283716168,,,1649.2657083094814,,,0.077116,,,0.9728912989343456,1.0,,,,0.0022790944697182,,,,0.0022798915296999,1.497786283493042,,,,,,,,,0.0,,,,,
ANT2025gm3aybshtkga,221.692735,2.3496493136145347,False,,,,,,,,,,,,0.9542028586071288,glade,latest,,,,,,,,"{'PAHyp': 176.6, 'logd25Hyp': 0.4, 'Dist': 361.41, 'redshift': 0.0796128749292202, '2MASS': '14464607+0220586', 'f_M*': 1.0, 'PGC': '       ', 'M*': '   3.00000', 'Bmag': 17.29, 'e_Bmag': 0.8645, 'SDSS-DR16Q': nan, 'f_dL': 3.0, 'e_M*': ' 1.000e+00', 'e_logd25Hyp': 0.12, 'WISExSCOS': 'J144646.09+022058.5', 'HyperLEDA': '1224104', 'Type': 'G', 'logr25Hyp': 0.13, 'e_logr25Hyp': 0.04, 'GWGC': nan}",,,,,,True,,,,,,,,,,,,,,,,,0.0,,-20.50000083079439,,,20.83542399342108,,1224104.0,1134600.0,,2.698782550621586,,,inf,,,0.0796128749292202,,,0.9542028586071288,7.0,,,,0.0454479454075719,,,,0.0457971413928713,0.0093629360198974,,,,,,,,,0.0,,,,,
ANT2025ph32nx63mqne,218.5871205130624,3.6734538466138105,False,,,,,,,,,,,,0.9999271309857712,decals,dr9,,,,,,,,"{'z_spec': -99.0, 'z_phot_mean': 0.193528, 'shape_r_ivar': 138.81311, 'fitbits': 16, 'shape_e1': -0.002371, 'z_phot_std': 0.228608, 'dec_ivar': 2168949200.0, 'dered_mag_r': 19.117195, 'ra_ivar': 2138993000.0, 'shape_e2_ivar': 15831.681, 'shape_e1_ivar': 5497.845, 'nobs_g': 5, 'shape_r': 8.693097, 'dered_flux_r': 22.548729, 'mag_r': 19.19899, 'nobs_r': 4, 'flux_r': 20.912394, 'flux_ivar_r': 5.120517, 'type': 'EXP', 'z_phot_median': 0.103166, 'shape_e2': -0.140832, 'nobs_z': 4}",,,,,,True,,,,,,,,,,,,,,,,,0.0456300358677093,,-20.75941167468716,,,13722.254123629542,,9906622889788160.0,9906622889788160.0,,5.670996243540949,,,20.465737833273124,,,0.193528,,,0.9338523513913882,3.0,,,,7.28687328208127e-05,,,,7.286901422878548e-05,1.8383488655090328,,,,,,,,,0.0,,,,,
ANT2025116k7f69zbl1,228.1746022360637,-5.831679304349677,False,,,,,,,,,,,,0.994204644058574,decals,dr9,,,,,,,,"{'z_spec': -99, 'z_phot_mean': 0.069366, 'shape_r_ivar': 354931.72, 'fitbits': 0, 'shape_e1': -0.230742, 'z_phot_std': 0.023318, 'dec_ivar': 1995129000000.0, 'dered_mag_r': 18.31722, 'ra_ivar': 997429150000.0, 'shape_e2_ivar': 685601.25, 'shape_e1_ivar': 433572.16, 'nobs_g': 2, 'shape_r': 1.825151, 'dered_flux_r': 47.109875, 'mag_r': 18.492348, 'nobs_r': 2, 'flux_r': 40.092297, 'flux_ivar_r': 39.074577, 'type': 'SER', 'z_phot_median': 0.069629, 'shape_e2': 0.305436, 'nobs_z': 2}",,,,,,True,,,,,,,,,,,,,,,,,0.0,,-19.15812497966193,,,171.5519554117199,,9906619308709938.0,9906619308709938.0,,4.744997384413762,,,inf,,,0.069366,,,0.994204644058574,5.0,,,,0.0057181291095673,,,,0.005795355941426,1.8649728298187256,,,,,,,,,0.0,,,,,
ANT20251zhfcbq84fp1,163.03330139153272,79.11131085252326,False,,,,,,,,,,,,0.9988591244444592,decals,dr9,,,,,,,,"{'z_spec': -99, 'z_phot_mean': 0.04706, 'shape_r_ivar': 798495.5, 'fitbits': 528, 'shape_e1': -0.396651, 'z_phot_std': 0.012201, 'dec_ivar': 14481938000000.0, 'dered_mag_r': 15.937416, 'ra_ivar': 4305395400000.0, 'shape_e2_ivar': 8417248.0, 'shape_e1_ivar': 8653578.0, 'nobs_g': 4, 'shape_r': 4.586068, 'dered_flux_r': 421.72928, 'mag_r': 16.022263, 'nobs_r': 5, 'flux_r': 390.02737, 'flux_ivar_r': 12.008046, 'type': 'SER', 'z_phot_median': 0.045798, 'shape_e2': -0.370635, 'nobs_z': 2}",,,,,,True,,,,,,,,,,,,,,,,,0.0,,-20.66097570955376,,,875.5197879324722,,9907742264331750.0,9907742264331750.0,,3.7610771103324407,,,inf,,,0.04706,,,0.9981263013138528,6.0,,,,0.0011407303800865,,,,0.0011408755555408,1.46396803855896,,,,,,,,,0.0,,,,,
ANT2025tiee8xot6047,340.4047161,-3.177205961294746,False,,,,,,,,,,,,0.99856913086209,decals,dr9,,,,,,,,"{'z_spec': -99, 'z_phot_mean': 0.116295, 'shape_r_ivar': 3269.6995, 'fitbits': 0, 'shape_e1': 0.43222, 'z_phot_std': 0.123394, 'dec_ivar': 34428560000.0, 'dered_mag_r': 21.185965, 'ra_ivar': 78199260000.0, 'shape_e2_ivar': 2550.1611, 'shape_e1_ivar': 3008.6978, 'nobs_g': 3, 'shape_r': 0.951635, 'dered_flux_r': 3.354393, 'mag_r': 21.298573, 'nobs_r': 2, 'flux_r': 3.023926, 'flux_ivar_r': 118.96318, 'type': 'EXP', 'z_phot_median': 0.087528, 'shape_e2': 0.034319, 'nobs_z': 2}",,,,,,True,,,,,,,,,,,,,,,,,0.0,,-17.480502259157458,,,697.8759303738483,,9906620279623516.0,9906620279623516.0,,1.5043034353469384,,,inf,,,0.116295,,,0.99856913086209,5.0,,,,0.0014308666369722,,,,0.0014308691379098,1.5683128833770752,,,,,,,,,0.0,,,,,
ANT202568g05htzt61o,325.6045712449857,23.030026100262987,False,,,,,,,,,,,,0.9999735035819176,decals,dr9,,,,,,,,"{'z_spec': -99, 'z_phot_mean': 0.065382, 'shape_r_ivar': 29755.61, 'fitbits': 136, 'shape_e1': 0.046714, 'z_phot_std': 0.008829, 'dec_ivar': 2354763800000.0, 'dered_mag_r': 15.589753, 'ra_ivar': 3821967000000.0, 'shape_e2_ivar': 2326018.2, 'shape_e1_ivar': 1646210.4, 'nobs_g': 3, 'shape_r': 7.750628, 'dered_flux_r': 580.89667, 'mag_r': 15.841966, 'nobs_r': 2, 'flux_r': 460.48306, 'flux_ivar_r': 5.808624, 'type': 'SER', 'z_phot_median': 0.065326, 'shape_e2': -0.101776, 'nobs_z': 3}",,,,,,True,,,,,,,,,,,,,,,,,0.0,,-21.75107238151153,,,37739.95037650213,,9908828983198550.0,9908828983198550.0,,2.488035472446487,,,inf,,,0.065382,,,0.9999735035819176,7.0,,,,1.6289709427688584e-05,,,,2.6496418082322843e-05,1.7205798625946045,,,,,,,,,0.0,,,,,
ANT2025m2s52hryjq9v,342.18057766249035,27.30105364072014,False,,,,,,,,,,,,0.9999999999999752,decals,dr9,,,,,,,,"{'z_spec': -99.0, 'z_phot_mean': 0.071863, 'shape_r_ivar': 49531.668, 'fitbits': 0, 'shape_e1': 0.0, 'z_phot_std': 0.02209, 'dec_ivar': 563290440000.0, 'dered_mag_r': 16.81224, 'ra_ivar': 566248900000.0, 'shape_e2_ivar': 0.0, 'shape_e1_ivar': 0.0, 'nobs_g': 2, 'shape_r': 3.715793, 'dered_flux_r': 188.40976, 'mag_r': 16.930315, 'nobs_r': 2, 'flux_r': 168.99496, 'flux_ivar_r': 7.299243, 'type': 'REX', 'z_phot_median': 0.071015, 'shape_e2': 0.0, 'nobs_z': 2}",,,,,,True,,,,,,,,,,,,,,,,,0.0,,-20.74368979310285,,,40476616150135.33,,9906631417400252.0,9906631417400252.0,,4.038583178611102,,,inf,,,0.071863,,,0.9990802219017736,3.0,,,,8.235207510848473e-15,,,,2.470562253254542e-14,1.6374881267547607,,,,,,,,,8.235207510848473e-15,,,,,
ANT2025vtrhkvlex97q,303.3066692888818,11.90071668620986,False,,,,,,,,,,,,,,,,,,,,,,{},,,,,,False,,,,,,,,,,,,,,,,,,,,,,,,,,,,,,,,,,,,,0.0,,,,,,,,,,,,,,,,,,,,,,,
ANT2025zji4cmog8qs6,303.8224375710279,-12.490715990869065,False,,,,,,,,,,,,,,,,,,,,,,{},,,,,,False,,,,,,,,,,,,,,,,,,,,,,,,,,,,,,,,,,,,,2.0,,,,,,,,,,,,,,,,,,,,,,,
ANT20258ucdkjpwbun3,185.43746809999968,-6.709280850000354,True,,,,,,,,,,,,0.9999999999979328,decals,dr9,,,,,,,,"{'z_spec': -99, 'z_phot_mean': 0.014273, 'shape_r_ivar': 0.0, 'fitbits': 4323, 'shape_e1': 0.0, 'z_phot_std': 0.005411, 'dec_ivar': 1.9900465e+16, 'dered_mag_r': 12.869083, 'ra_ivar': 7645661300000000.0, 'shape_e2_ivar': 0.0, 'shape_e1_ivar': 0.0, 'nobs_g': 4, 'shape_r': 0.0, 'dered_flux_r': 7118.1416, 'mag_r': 12.936221, 'nobs_r': 4, 'flux_r': 6691.3184, 'flux_ivar_r': 0.053058, 'type': 'PSF', 'z_phot_median': 0.013327, 'shape_e2': 0.0, 'nobs_z': 6}",,,,,,True,,,,,,,,,,,,,,,,,0.0,,-21.08587495339189,,,483765846332.81024,,9906618921978516.0,9906618921978516.0,,1.2819735134065309,,,inf,,,0.014273,,,0.9999999999979328,2.0,,,,6.890385831481894e-13,,,,2.067115749444568e-12,1.594455003738403,,,,,,,,,6.890385831481894e-13,,,,,
ANT2025fmczlqkls6g4,172.25778543513263,41.58479941207009,False,,,,,,,,,,,,,,,,,,,,,,{},,,,,,False,,,,,,,,,,,,,,,,,,,,,,,,,,,,,,,,,,,,,0.0,,,,,,,,,,,,,,,,,,,,,,,
ANT2025k6yowx7zu7qm,233.8574429406609,12.057725071672294,False,,,,,,,,,,,,,,,,,,,,,,{},,,,,,False,,,,,,,,,,,,,,,,,,,,,,,,,,,,,,,,,,,,,1.0,,,,,,,,,,,,,,,,,,,,,,,
ANT2025aebzerpi5y5r,226.69781602037145,29.34660094819004,False,,,,,,,,,,,,,,,,,,,,,,{},,,,,,False,,,,,,,,,,,,,,,,,,,,,,,,,,,,,,,,,,,,,2.0,,,,,,,,,,,,,,,,,,,,,,,
ANT2025t668qv7dj6w9,298.58978979999995,-18.71423361473508,False,,,,,,,,,,,,,,,,,,,,,,{},,,,,,False,,,,,,,,,,,,,,,,,,,,,,,,,,,,,,,,,,,,,3.0,,,,,,,,,,,,,,,,,,,,,,,
ANT202528pszsu30onr,314.54794504661294,14.924888062794182,False,,,,,,,,,,,,,,,,,,,,,,{},,,,,,False,,,,,,,,,,,,,,,,,,,,,,,,,,,,,,,,,,,,,4.0,,,,,,,,,,,,,,,,,,,,,,,
ANT2025yr1x7eam49fp,290.6505362279098,75.58959042782857,False,,,,,,,,,,,,,,,,,,,,,,{},,,,,,False,,,,,,,,,,,,,,,,,,,,,,,,,,,,,,,,,,,,,5.0,,,,,,,,,,,,,,,,,,,,,,,
ANT2025snfz6jnethpv,213.5599604164108,26.44261528467387,False,,,,,,,,,,,,,,,,,,,,,,{},,,,,,False,,,,,,,,,,,,,,,,,,,,,,,,,,,,,,,,,,,,,6.0,,,,,,,,,,,,,,,,,,,,,,,
ANT2025ng37gh05j7m9,260.29224271823284,68.45890438536686,False,,,,,,,,,,,,,,,,,,,,,,{},,,,,,False,,,,,,,,,,,,,,,,,,,,,,,,,,,,,,,,,,,,,7.0,,,,,,,,,,,,,,,,,,,,,,,
ANT2025xugrbjdb9wlg,287.3833270023476,26.82162071690872,False,,,,,,,,,,,,,,,,,,,,,,{},,,,,,False,,,,,,,,,,,,,,,,,,,,,,,,,,,,,,,,,,,,,8.0,,,,,,,,,,,,,,,,,,,,,,,
ANT2025f0lq459rp39e,299.1249583,30.232408138028497,False,,,,,,,,,,,,,,,,,,,,,,{},,,,,,False,,,,,,,,,,,,,,,,,,,,,,,,,,,,,,,,,,,,,0.0,,,,,,,,,,,,,,,,,,,,,,,
ANT2025v1bku6kr61qc,294.585444552393,76.00189265401389,True,,,,,,,,,,,,,,,,,,,,,,{},,,,,,False,,,,,,,,,,,,,,,,,,,,,,,,,,,,,,,,,,,,,1.0,,,,,,,,,,,,,,,,,,,,,,,
ANT2025oejgk5a750kb,273.0775390839443,-12.848294449453263,False,,,,,,,,,,,,,,,,,,,,,,{},,,,,,False,,,,,,,,,,,,,,,,,,,,,,,,,,,,,,,,,,,,,2.0,,,,,,,,,,,,,,,,,,,,,,,
ANT2025lo5oscwqxp6b,312.2099296383341,18.444112249040217,False,,,,,,,,,,,,,,,,,,,,,,{},,,,,,False,,,,,,,,,,,,,,,,,,,,,,,,,,,,,,,,,,,,,4.0,,,,,,,,,,,,,,,,,,,,,,,
ANT2025gpf6wtas4s20,310.90886262725166,22.920764390567285,False,,,,,,,,,,,,,,,,,,,,,,{},,,,,,False,,,,,,,,,,,,,,,,,,,,,,,,,,,,,,,,,,,,,6.0,,,,,,,,,,,,,,,,,,,,,,,
ANT20258lgd7why3mx5,280.1941474246558,12.572748963027806,False,,,,,,,,,,,,,,,,,,,,,,{},,,,,,False,,,,,,,,,,,,,,,,,,,,,,,,,,,,,,,,,,,,,8.0,,,,,,,,,,,,,,,,,,,,,,,
ANT2025zoscky9ob1t8,308.3114911819905,20.371524898413043,False,,,,,,,,,,,,,,,,,,,,,,{},,,,,,False,,,,,,,,,,,,,,,,,,,,,,,,,,,,,,,,,,,,,9.0,,,,,,,,,,,,,,,,,,,,,,,
ANT20256gfwiutetsm4,297.27882775107355,78.85560049802726,True,,,,,,,,,,,,,,,,,,,,,,{},,,,,,False,,,,,,,,,,,,,,,,,,,,,,,,,,,,,,,,,,,,,10.0,,,,,,,,,,,,,,,,,,,,,,,
ANT20254ip9wspkywxz,265.85518673605,-14.17320003878264,True,,,,,,,,,,,,,,,,,,,,,,{},,,,,,False,,,,,,,,,,,,,,,,,,,,,,,,,,,,,,,,,,,,,11.0,,,,,,,,,,,,,,,,,,,,,,,
ANT20252oa2azuwpbk2,282.558350364034,-14.201181915243438,False,,,,,,,,,,,,,,,,,,,,,,{},,,,,,False,,,,,,,,,,,,,,,,,,,,,,,,,,,,,,,,,,,,,12.0,,,,,,,,,,,,,,,,,,,,,,,
ANT2023m1pwgdjn2ro3,266.80224848130325,15.495205750251458,True,,,,,,,,,,,,0.9999999999999898,decals,dr9,361364000000.0,3.684885,21.08394,,,,,"{'z_spec': -99, 'z_phot_mean': 0.858393, 'shape_r_ivar': 18750.055, 'fitbits': 0, 'shape_e1': 0.0, 'z_phot_std': 0.122376, 'dec_ivar': 361364000000.0, 'dered_mag_r': 21.08394, 'ra_ivar': 391833850000.0, 'shape_e2_ivar': 0.0, 'shape_e1_ivar': 0.0, 'nobs_g': 4, 'shape_r': 0.288827, 'dered_flux_r': 3.684885, 'mag_r': 21.281918, 'nobs_r': 4, 'flux_r': 3.07067, 'flux_ivar_r': 476.90594, 'type': 'REX', 'z_phot_median': 0.851602, 'shape_e2': 0.0, 'nobs_z': 5}",,,0.0,476.90594,3.07067,True,r,-20.953491588867283,,0.99115345,15.545260071389285,,9906627271594430.0,,297.7253257684971,0.0,0.0980986382616092,266.87057338134787,PHOT,0.279262,,0.139631,0.0,r,-22.606963877673763,,1.054197,97917813704345.64,15.495197054166583,9906627271591564.0,9906627271591564.0,,0.1325256630658547,0.9999999999999898,0.0689717229682884,inf,266.8022349660096,PHOT,0.858393,,0.122376,0.9999999999999898,2.0,,,21.281918,3.4042154407144042e-15,4.0,4.0,5.0,1.0212646322143212e-14,3.12988805770874,391833850000.0,,0.0,0.0,0.0,0.0,0.288827,18750.055,3.4042154407144042e-15,REX,0.858393,0.851602,0.122376,-99.0
ANT2023a2ed9nfg3x95,15.400312089769914,15.64393659599223,True,,,,,,,,,,,,0.9999999999999865,decals,dr9,345091700000.0,7.336647,20.336256,,,,,"{'shape_e1': 0.0, 'flux_ivar_r': 245.7841, 'z_spec': -99.0, 'flux_r': 5.879219, 'z_phot_median': 0.272517, 'dec_ivar': 345091700000.0, 'z_phot_std': 0.472686, 'nobs_z': 5, 'shape_r_ivar': 0.0, 'ra_ivar': 385499370000.0, 'type': 'PSF', 'shape_e2_ivar': 0.0, 'shape_e2': 0.0, 'nobs_g': 3, 'nobs_r': 3, 'mag_r': 20.5767, 'dered_flux_r': 7.336647, 'fitbits': 0, 'shape_e1_ivar': 0.0, 'z_phot_mean': 0.500834, 'shape_r': 0.0, 'dered_mag_r': 20.336256}",,,0.0,245.7841,5.879219,True,r,-19.12578014404563,,1.1011776,15.725781173586832,,9906627299051512.0,,298.09922824399524,0.0,0.1005498105535292,15.413384628712963,PHOT,0.324064,,0.154655,0.0,r,-21.92927159605589,,1.0168128,73070806847274.58,15.643939879347492,9906627299051284,9906627299051284.0,,0.1616818743559842,0.9999999999999865,0.0777499757406358,inf,15.400345125292768,PHOT,0.500834,,0.250417,0.9999999999999865,7.0,,,20.5767,4.561785310924913e-15,3.0,3.0,5.0,1.368535593277474e-14,1.3946421146392822,385499370000.0,,0.0,0.0,0.0,0.0,0.0,0.0,4.561785310924913e-15,PSF,0.500834,0.272517,0.472686,-99.0
ANT2024dvq8k5ah5y1o,233.48796456038733,4.323714266620129,False,,,,,,,,,,,,0.9998866262368123,decals,dr9,,,,,,,,"{'shape_e1': 0.0, 'flux_ivar_r': 34.565773, 'z_spec': -99.0, 'flux_r': 10.60133, 'z_phot_median': 0.047149, 'dec_ivar': 22401225000.0, 'z_phot_std': 0.052196, 'nobs_z': 4, 'shape_r_ivar': 2199.505, 'ra_ivar': 22684940000.0, 'type': 'REX', 'shape_e2_ivar': 0.0, 'shape_e2': 0.0, 'nobs_g': 3, 'nobs_r': 3, 'mag_r': 19.9366, 'dered_flux_r': 11.657478, 'fitbits': 0, 'shape_e1_ivar': 0.0, 'z_phot_mean': 0.06307, 'shape_r': 2.298537, 'dered_mag_r': 19.833488}",,,,,,True,,,,,,,,,,,,,,,,,0.0,,-17.425617738417774,,,8819.382881230396,,9906623082139028,9906623082139028.0,,2.0037844586097555,,,inf,,,0.06307,,,0.9998866262368123,28.0,,,,0.0001133731148538,,,,0.0001133737631875,1.614429950714111,,,,,,,,,0.0,,,,,
ANT2025ssrtrjbq9jht,333.9808430999999,0.7267676000000591,False,,,,,,,,,,,,0.999999999999982,decals,dr9,,,,,,,,"{'shape_e1': 0.0, 'flux_ivar_r': 719.49036, 'z_spec': -99.0, 'flux_r': 0.420145, 'z_phot_median': 0.821298, 'dec_ivar': 2447997000.0, 'z_phot_std': 0.266578, 'nobs_z': 6, 'shape_r_ivar': 736.97876, 'ra_ivar': 2427774200.0, 'type': 'REX', 'shape_e2_ivar': 0.0, 'shape_e2': 0.0, 'nobs_g': 6, 'nobs_r': 6, 'mag_r': 23.441502, 'dered_flux_r': 0.469343, 'fitbits': 0, 'shape_e1_ivar': 0.0, 'z_phot_mean': 0.85626, 'shape_r': 0.736964, 'dered_mag_r': 23.321274}",,,,,,True,r,-20.05172609120488,,1.1557804,0.8048508824536424,,9906621787930968.0,,296.32997070114743,0.0,0.1001664501662039,334.00690140636607,PHOT,0.705406,,0.146306,0.0,r,-20.36297208560084,,1.1660637,55360665266134.98,0.7267390193619772,9906621787875176,9906621787875176.0,,0.6206172259612152,0.999999999999982,0.0978361350099202,inf,333.98067616590697,PHOT,0.85626,,0.266578,0.999999999999982,18.0,,,,6.021122248638019e-15,,,,1.8063366745914056e-14,2.3782060146331787,,,,,,,,,6.021122248638019e-15,,,,,
ANT2025n9ws8520g9ck,316.3299345198383,-17.652586103719514,False,,,,,,,,,,,,,,,,,,,,,,{},,,,,,False,,,,,,,,,,,,,,,,,,,,,,,,,,,,,,,,,,,,,0.0,,,,,,,,,,,,,,,,,,,,,,,
ANT2024ojhmbm6uwyrc,239.2403984817892,19.47485148836093,False,,,,,,,,,,,,0.9996522544968016,decals,dr9,,,,,,,,"{'shape_e1': 0.04997, 'flux_ivar_r': 94.5573, 'z_spec': -99.0, 'flux_r': 10.407977, 'z_phot_median': 0.160111, 'dec_ivar': 206901070000.0, 'z_phot_std': 0.080019, 'nobs_z': 3, 'shape_r_ivar': 2435.7954, 'ra_ivar': 238216130000.0, 'type': 'DEV', 'shape_e2_ivar': 9913.326, 'shape_e2': 0.25028, 'nobs_g': 3, 'nobs_r': 3, 'mag_r': 19.956585, 'dered_flux_r': 11.183059, 'fitbits': 0, 'shape_e1_ivar': 4865.1914, 'z_phot_mean': 0.16869, 'shape_r': 1.499716, 'dered_mag_r': 19.8786}",,,,,,True,,,,,,,,,,,,,,,,,0.0,,-19.667416798635223,,,2874.6662294756907,,9906628706241877,9906628706241876.0,,1.6464449587651804,,,inf,,,0.16869,,,0.9996337512699628,20.0,,,,0.0003471649387806,,,,0.0003477455031985,1.4911279678344729,,,,,,,,,0.0,,,,,
ANT2025d8vvxfgsot8g,237.3858286626575,20.645461865545613,False,,,,,,,,,,,,0.9969950210522492,decals,dr9,,,,,,,,"{'shape_e1': 0.0, 'flux_ivar_r': 6.774919, 'z_spec': -99.0, 'flux_r': 10.690465, 'z_phot_median': 0.119466, 'dec_ivar': 781591000.0, 'z_phot_std': 0.242509, 'nobs_z': 2, 'shape_r_ivar': 169.0357, 'ra_ivar': 762964300.0, 'type': 'REX', 'shape_e2_ivar': 0.0, 'shape_e2': 0.0, 'nobs_g': 1, 'nobs_r': 2, 'mag_r': 19.92751, 'dered_flux_r': 11.984444, 'fitbits': 16, 'shape_e1_ivar': 0.0, 'z_phot_mean': 0.222692, 'shape_r': 5.4496, 'dered_mag_r': 19.803455}",,,,,,False,,,,,,,,,,,,,,,,,0.1327962489547265,,-20.414539002730663,,,331.7810335405126,,9906629149463202,9906629149463202.0,,23.77546044208031,,,1.1939047538865604,,,0.222692,,,0.1585460729253512,17.0,,,,0.0030049607822874,,,,0.0030049789477508,1.572378158569336,,,,,,,,,0.0,,,,,
ANT2025kg74qj2kx9vf,237.59751634056192,25.919466175990635,False,,,,,,,,,,,,0.9983827395294856,decals,dr9,,,,,,,,"{'shape_e1': -0.184646, 'flux_ivar_r': 6.331691, 'z_spec': -99.0, 'flux_r': 37.17223, 'z_phot_median': 0.071106, 'dec_ivar': 42781663000.0, 'z_phot_std': 0.035421, 'nobs_z': 4, 'shape_r_ivar': 477.26715, 'ra_ivar': 24866136000.0, 'type': 'SER', 'shape_e2_ivar': 50209.28, 'shape_e2': -0.282157, 'nobs_g': 4, 'nobs_r': 3, 'mag_r': 18.574453, 'dered_flux_r': 41.45333, 'fitbits': 16, 'shape_e1_ivar': 34272.785, 'z_phot_mean': 0.073182, 'shape_r': 8.5936, 'dered_mag_r': 18.4561}",,,,,,True,r,-16.086552262119042,2.069414893289649,0.9729485,25.91978267440544,,9906630970509280.0,,1.1545134881996124,2183666.077004635,0.1021843388733195,237.5974691331268,PHOT,0.029357,2804069.532817169,0.0146785,0.0078143216129858,r,-19.14132170198712,68.68053186745433,0.922805,617.3295877390956,25.927717773903147,9906630970509329,9906630970509328.0,,30.66470264043544,5910.715752323755,0.102038987830178,52.578460428727055,237.59986123001983,PHOT,0.073182,900703943.8547852,0.035421,0.4108649997057215,31.0,,,,0.0016172584496431,,,,0.0016172604705145,1.7091729640960691,,,,,,,,,0.0,,,,,
ANT20250hb2beoz62u9,242.80350160000003,29.5302278,False,,17.9,413.048,,SDSSJ161113.07+293148.8      ,1.0,80.1,       ,,G,J161113.08+293149.2,0.8738698772620079,glade,latest,,,,0.895,1.0,0.4,0.1,"{'logr25Hyp': 0.07, 'Type': 'G', 'PGC': '       ', 'PAHyp': 80.1, 'WISExSCOS': 'J161113.08+293149.2', 'M*': '   1.00000', '2MASS': nan, 'logd25Hyp': 0.38, 'e_M*': ' 1.000e+00', 'GWGC': nan, 'SDSS-DR16Q': nan, 'f_M*': 1.0, 'HyperLEDA': 'SDSSJ161113.07+293148.8      ', 'Bmag': 17.9, 'Dist': 413.048, 'e_logd25Hyp': 0.4, 'e_logr25Hyp': 0.1, 'e_Bmag': 0.895, 'redshift': 0.0903227844863639, 'f_dL': 1.0}",1.0,1.0,,,,False,B,-20.13000223329419,3.5155244572306774,0.9005000000000001,29.58448,1871008,2557602.0,,195.3649193330941,0.0,0.1026150737948344,242.802,PHOT,0.0927033763302643,10650299.000788944,0.0278110128990792,0.0,B,-20.18000260948444,2.747040289952209,0.895,6.928320200538319,29.53027,SDSSJ161113.07+29314,2557604.0,,4.6940271159686695,4100.5643322884025,0.0869881502876948,inf,242.805,PHOT,0.0903227844863639,10352842.832732074,0.0270968353459091,0.8711233044295816,12.0,0.38,0.07,,0.1215528584573379,,,,0.126130122737992,0.0148689746856689,,0.0903227844863639,,,,,,,0.0,,,,,
ANT2025pugiktwlnd45,239.9169301,27.11134849615908,True,,,,,,,,,,,,0.999489712714974,decals,dr9,,,,,,,,"{'shape_e1': 0.0, 'flux_ivar_r': 368.59586, 'z_spec': -99.0, 'flux_r': 2.037816, 'z_phot_median': 0.130746, 'dec_ivar': 65938030000.0, 'z_phot_std': 0.176871, 'nobs_z': 3, 'shape_r_ivar': 4733.143, 'ra_ivar': 76260190000.0, 'type': 'REX', 'shape_e2_ivar': 0.0, 'shape_e2': 0.0, 'nobs_g': 3, 'nobs_r': 3, 'mag_r': 21.727087, 'dered_flux_r': 2.21282, 'fitbits': 0, 'shape_e1_ivar': 0.0, 'z_phot_mean': 0.201596, 'shape_r': 0.353057, 'dered_mag_r': 21.637634}",,,,,,True,r,-19.725809059782243,69.96639597431425,1.17709425,27.193831902993733,,9906631393544292.0,,298.07973756006515,0.0,0.1016077430818082,239.9087977886812,PHOT,0.732536,5.070408191380183e-05,0.28784,0.0,r,-18.33792807434208,10.935569948046096,1.0818817,1958.680417961691,27.11139638023535,9906631309459727,9906631309459728.0,,0.2248080774587517,1010053.7096969276,0.0881194015416104,inf,239.916897670856,PHOT,0.201596,22623967.30722681,0.100798,0.999489712714974,19.0,,,,0.0005102662072792,,,,0.0005102872850258,1.7622580528259275,,,,,,,,,0.0,,,,,
ANT2025s3b6k3zjgihi,310.1786101082009,-20.43565376859101,False,,,,,,,,,,,,,,,,,,,,,,{},,,,,,False,,,,,,,,,,,,,,,,,,,,,,,,,,,,,,,,,,,,,1.0,,,,,,,,,,,,,,,,,,,,,,,
ANT2025zxmaaga2ctwi,242.26790842267445,1.0584726980253265,False,,,,,,,,,,,,0.9484746511206488,glade,latest,,,,,,,,"{'logr25Hyp': 0.09, 'Type': 'G', 'PGC': '       ', 'PAHyp': 16.7, 'WISExSCOS': 'J160903.63+010326.7', 'M*': '   5.00000', '2MASS': '16090365+0103267', 'logd25Hyp': 0.76, 'e_M*': ' 4.000e+00', 'GWGC': nan, 'SDSS-DR16Q': nan, 'f_M*': 1.0, 'HyperLEDA': nan, 'Bmag': 14.96, 'Dist': 247.742, 'e_logd25Hyp': 0.06, 'e_logr25Hyp': 0.03, 'e_Bmag': 0.7480000000000001, 'redshift': 0.0555055171898347, 'f_dL': 1.0}",,,,,,False,,,,,,,,,,,,,,,,,0.9484746511206488,,-22.009998191605952,,,18.407922930158964,,16090365+0103267,37800.0,,10.410607621244178,,,1.0,,,0.0555055171898347,,,0.9484746511206488,16.0,,,,0.0484246041154034,,,,0.0515253488793511,0.0054771900177001,,,,,,,,,0.0,,,,,
ANT20250yncmbljn1gj,326.2391830971807,21.00746774496752,False,,,,,,,,,,,,0.9999645460783372,decals,dr9,,,,,,,,"{'shape_e1': 0.079038, 'flux_ivar_r': 6.731949, 'z_spec': -99, 'flux_r': 435.24777, 'z_phot_median': 0.063269, 'dec_ivar': 2170658000000.0, 'z_phot_std': 0.017126, 'nobs_z': 2, 'shape_r_ivar': 98345.03, 'ra_ivar': 2329775000000.0, 'type': 'SER', 'shape_e2_ivar': 3596392.5, 'shape_e2': -0.119981, 'nobs_g': 3, 'nobs_r': 2, 'mag_r': 15.903158, 'dered_flux_r': 563.0229, 'fitbits': 128, 'shape_e1_ivar': 3092033.8, 'z_phot_mean': 0.068086, 'shape_r': 5.034293, 'dered_mag_r': 15.623685}",,,,,,True,r,-20.80489705254176,4.202656785701928,1.0133530000000002,21.06567433613828,,9906629259500848.0,,289.7965871905599,0.0,0.1001595323926223,326.2987610081557,PHOT,0.314255,15917.788131687948,0.138719,0.0,r,-21.809267050053823,6.36261870520947,0.78118425,28204.62445848784,21.005049519420645,9906629259499315,9906629259499316.0,,9.886381291854054,3059.996091142059,0.1002777371833254,inf,326.2377893925668,PHOT,0.068086,3918378.856325752,0.017126,0.9999528952257076,5.0,,,,3.33925363991133e-05,,,,3.545392166274386e-05,5.38459587097168,,,,,,,,,0.0,,,,,
ANT2025wtpbqn1r7wp1,323.3995335,1.2623412728705858,False,,,,,,,,,,,,0.9832382743379742,decals,dr9,,,,,,,,"{'shape_e1': 0.16468, 'flux_ivar_r': 20.754189, 'z_spec': -99.0, 'flux_r': 792.6951, 'z_phot_median': 0.035329, 'dec_ivar': 17961280000000.0, 'z_phot_std': 0.00716, 'nobs_z': 8, 'shape_r_ivar': 9642392.0, 'ra_ivar': 30941792000000.0, 'type': 'SER', 'shape_e2_ivar': 95800370.0, 'shape_e2': 0.278101, 'nobs_g': 7, 'nobs_r': 8, 'mag_r': 15.252234, 'dered_flux_r': 884.1256, 'fitbits': 528, 'shape_e1_ivar': 65489436.0, 'z_phot_mean': 0.036898, 'shape_r': 5.575188, 'dered_mag_r': 15.133715}",,,,,,False,r,-20.063729427918723,548.6379156767481,1.0826795,1.2612726166671466,,9906621973862108.0,,8.340132211392916,2469514.0383198243,0.1030342989486802,323.4015879654681,PHOT,0.405158,20986.652688888906,0.17422,0.0008722135970556,r,-20.920350688864225,2219.349748147617,0.75668575,58.659728369468176,1.2628375913175938,9906621973862007,9906621973862008.0,,2.3617413690053164,15152177.588894952,0.1047540497550144,0.2334190379008817,323.39910290865345,PHOT,0.036898,377.6851755235737,0.00716,0.0002035912586687,3.0,,,,0.016761686494705,,,,0.0167617256620257,2.304373025894165,,,,,,,,,0.0,,,,,
ANT2025s75z8xml6yqn,340.6997355,51.50387229148582,False,,,,,,,,,,,,,,,,,,,,,,{},,,,,,False,,,,,,,,,,,,,,,,,,,,,,,,,,,,,,,,,,,,,0.0,,,,,,,,,,,,,,,,,,,,,,,
ANT2025munxk4pfr5au,289.7311353417857,52.60404320851519,False,,,,,,,,,,,,0.999999999999946,decals,dr9,,,,,,,,"{'z_spec': -99, 'z_phot_mean': 0.090811, 'shape_r_ivar': 64481.562, 'fitbits': 0, 'shape_e1': 0.663916, 'z_phot_std': 0.019414, 'dec_ivar': 1981033500000.0, 'dered_mag_r': 17.770153, 'ra_ivar': 9383908000000.0, 'shape_e2_ivar': 382310.62, 'shape_e1_ivar': 404217.44, 'nobs_g': 3, 'shape_r': 1.982077, 'dered_flux_r': 77.97202, 'mag_r': 18.061508, 'nobs_r': 3, 'flux_r': 59.620632, 'flux_ivar_r': 42.209755, 'type': 'SER', 'z_phot_median': 0.089819, 'shape_e2': 0.002417, 'nobs_z': 4}",,,,,,True,,,,,,,,,,,,,,,,,0.0,,-20.32227579773216,,,18533277573362.188,,9907738184517260.0,9907738184517260.0,,2.241965684773807,,,inf,,,0.090811,,,0.999999999999946,0.0,,,,1.7985665623031197e-14,,,,5.3956996869093596e-14,2.120504140853882,,,,,,,,,1.7985665623031197e-14,,,,,
ANT2025mejdewtyaz8f,288.0390670824027,58.47401455825344,False,,,,,,,,,,,,0.9177328730084208,decals,dr9,,,,,,,,"{'z_spec': -99, 'z_phot_mean': 0.03434, 'shape_r_ivar': 7342.953, 'fitbits': 2, 'shape_e1': 0.144414, 'z_phot_std': 0.020015, 'dec_ivar': 107549340000.0, 'dered_mag_r': 18.627481, 'ra_ivar': 168729230000.0, 'shape_e2_ivar': 100719.875, 'shape_e1_ivar': 62648.594, 'nobs_g': 3, 'shape_r': 3.03129, 'dered_flux_r': 35.400345, 'mag_r': 18.807241, 'nobs_r': 3, 'flux_r': 29.998795, 'flux_ivar_r': 22.734814, 'type': 'SER', 'z_phot_median': 0.027614, 'shape_e2': -0.306137, 'nobs_z': 4}",,,,,,True,,,,,,,,,,,,,,,,,0.0,,-17.266486613598108,,,11.15552355562821,,9907739469813030.0,9907739469813030.0,,5.906107058001802,,,inf,,,0.03434,,,0.4323648040679115,3.0,,,,0.0822670115077076,,,,0.0822671269915793,2.024844169616699,,,,,,,,,0.0,,,,,
ANT2025dwrofgim1x2o,281.2421190613014,41.4066090649746,True,,,,,,,,,,,,0.9999533191080232,decals,dr9,,,,,,,,"{'shape_e1': 0.0, 'flux_ivar_r': 7.604722, 'z_spec': -99, 'flux_r': 72.66647, 'z_phot_median': 0.059773, 'dec_ivar': 327605880000.0, 'z_phot_std': 0.024774, 'nobs_z': 3, 'shape_r_ivar': 29477.887, 'ra_ivar': 338963230000.0, 'type': 'REX', 'shape_e2_ivar': 0.0, 'shape_e2': 0.0, 'nobs_g': 3, 'nobs_r': 3, 'mag_r': 17.846664, 'dered_flux_r': 83.16184, 'fitbits': 0, 'shape_e1_ivar': 0.0, 'z_phot_mean': 0.06143, 'shape_r': 2.428557, 'dered_mag_r': 17.70019}",,,,,,True,r,-18.27544129598581,0.5255764220176504,1.0359685,41.4064823416779,,9907735349626988.0,,7.111710225980451,8.55392950167178,0.0711192444725983,281.2447474740099,PHOT,0.133758,5778882.945508566,0.066879,5.149555006237242e-05,r,-19.49918395708351,1.1155195439143135,0.8850095,21421.04138892568,41.40608858919504,9907735349626943,9907735349626944.0,,2.842578830279096,14997.525068353458,0.0838001582032381,19301.65867512185,281.24290990341115,PHOT,0.06143,13568804.736157142,0.024774,0.993949530591562,0.0,,,,4.626223379705132e-05,,,,4.6680891976847696e-05,28.52462816238404,,,,,,,,,0.0,,,,,
ANT2025i8en6clvzsa9,275.43499493918654,38.79664900050414,False,,,,,,,,,,,,0.9999999999999232,decals,dr9,,,,,,,,"{'shape_e1': 0.172699, 'flux_ivar_r': 13.381351, 'z_spec': -99, 'flux_r': 77.85, 'z_phot_median': 0.066408, 'dec_ivar': 701836300000.0, 'z_phot_std': 0.014067, 'nobs_z': 3, 'shape_r_ivar': 40229.57, 'ra_ivar': 1156650000000.0, 'type': 'SER', 'shape_e2_ivar': 420864.97, 'shape_e2': -0.411799, 'nobs_g': 3, 'nobs_r': 3, 'mag_r': 17.771854, 'dered_flux_r': 82.62179, 'fitbits': 0, 'shape_e1_ivar': 442056.28, 'z_phot_mean': 0.067044, 'shape_r': 3.149897, 'dered_mag_r': 17.707264}",,,,,,True,r,-18.42445902882699,,1.254892,38.86382491326971,,9907734553367168.0,,293.93389953152115,0.0,0.0947788670133046,275.49457150339794,PHOT,0.805932,,0.204871,0.0,r,-19.690609466255285,,0.8853632,13021201740497.271,38.79728039329292,9907734553365836,9907734553365836.0,,2.6220475261288367,0.9999999999999232,0.0975254368251641,inf,275.434529661682,PHOT,0.067044,,0.014067,0.9999999999999232,1.0,,,,2.5599275702534194e-14,,,,7.67978271076026e-14,1.8689069747924805,,,,,,,,,2.5599275702534194e-14,,,,,
ANT2025rdjfxs20u8dk,274.3865522329951,42.17727255383025,False,,,,,,,,,,,,,,,,,,,,,,{},,,,,,False,,,,,,,,,,,,,,,,,,,,,,,,,,,,,,,,,,,,,0.0,,,,,,,,,,,,,,,,,,,,,,,
ANT2025q4ucizvxtmhu,268.3029234762033,29.001990371186,True,,,,,,,,,,,,0.9999999999999606,decals,dr9,,,,,,,,"{'z_spec': -99, 'z_phot_mean': 0.751722, 'shape_r_ivar': 874.43524, 'fitbits': 6, 'shape_e1': -0.272165, 'z_phot_std': 0.166164, 'dec_ivar': 6382461400.0, 'dered_mag_r': 21.22311, 'ra_ivar': 4169697000.0, 'shape_e2_ivar': 2310.356, 'shape_e1_ivar': 504.0562, 'nobs_g': 4, 'shape_r': 4.4016, 'dered_flux_r': 3.241573, 'mag_r': 21.338247, 'nobs_r': 3, 'flux_r': 2.915421, 'flux_ivar_r': 42.879322, 'type': 'DEV', 'z_phot_median': 0.750159, 'shape_e2': 0.268688, 'nobs_z': 3}",,,,,,True,,,,,,,,,,,,,,,,,0.0,,-22.113429841078343,,,25351128605075.176,,9906631983370338.0,9906631983370338.0,,4.160397582909565,,,inf,,,0.751722,,,0.9999999999999606,7.0,,,,1.3148658528227751e-14,,,,3.944597558468325e-14,1.947293996810913,,,,,,,,,1.3148658528227751e-14,,,,,
ANT2025cj8ngws625hq,267.1620365587912,29.761259115145087,False,,,,,,,,,,,,0.9996816597554828,decals,dr9,,,,,,,,"{'z_spec': -99, 'z_phot_mean': 0.053804, 'shape_r_ivar': 50752.207, 'fitbits': 0, 'shape_e1': -0.416951, 'z_phot_std': 0.022879, 'dec_ivar': 3038978000000.0, 'dered_mag_r': 18.483025, 'ra_ivar': 1229738500000.0, 'shape_e2_ivar': 131881.7, 'shape_e1_ivar': 128632.516, 'nobs_g': 2, 'shape_r': 1.542958, 'dered_flux_r': 40.43801, 'mag_r': 18.598803, 'nobs_r': 3, 'flux_r': 36.347897, 'flux_ivar_r': 74.39815, 'type': 'SER', 'z_phot_median': 0.047597, 'shape_e2': 0.359776, 'nobs_z': 4}",,,,,,True,,,,,,,,,,,,,,,,,8.842125525389346e-51,,-18.41672172839824,,,3140.293057422099,,9906632230110196.0,9906632230110196.0,,1.2826231107510035,,,1.1304766952625523e+50,,,0.053804,,,0.9995816843038808,6.0,,,,0.0003131587188713,,,,0.0003183402445172,1.912759065628052,,,,,,,,,0.0,,,,,
ANT2025d083566wfpvg,292.36236533418264,39.34638987691493,False,,,,,,,,,,,,,,,,,,,,,,{},,,,,,False,,,,,,,,,,,,,,,,,,,,,,,,,,,,,,,,,,,,,7.0,,,,,,,,,,,,,,,,,,,,,,,
ANT2025tdlywiie1hsx,291.4295060998291,37.75326008531512,False,,,,,,,,,,,,,,,,,,,,,,{},,,,,,False,,,,,,,,,,,,,,,,,,,,,,,,,,,,,,,,,,,,,3.0,,,,,,,,,,,,,,,,,,,,,,,
ANT2025chnvi2o4aqtj,292.67396140963353,67.05839866692119,False,,,,,,,,,,,,0.999999999999797,decals,dr9,,,,,,,,"{'shape_e1': 0.092013, 'flux_ivar_r': 28.215118, 'z_spec': -99, 'flux_r': 54.77501, 'z_phot_median': 0.081111, 'dec_ivar': 863444000000.0, 'z_phot_std': 0.019753, 'nobs_z': 3, 'shape_r_ivar': 11355.087, 'ra_ivar': 1092116400000.0, 'type': 'SER', 'shape_e2_ivar': 467549.94, 'shape_e2': -0.682662, 'nobs_g': 3, 'nobs_r': 3, 'mag_r': 18.153543, 'dered_flux_r': 66.346245, 'fitbits': 2, 'shape_e1_ivar': 326612.34, 'z_phot_mean': 0.083203, 'shape_r': 3.946222, 'dered_mag_r': 17.94546}",,,,,,True,r,-19.72128538411756,,1.218652,67.13707264911382,,9907740979692464.0,,298.1604271314552,0.0,0.0986405141428824,292.60744732924064,PHOT,0.9978,,0.178709,0.0,r,-19.945686878605382,,0.8972730000000001,4927565026909.345,67.05896890607531,9907740942926808,9907740942926808.0,,2.1700789085422283,0.9794052173614868,0.0981727448294127,inf,292.6734580466631,PHOT,0.083203,,0.019753,0.9794052173614868,31.0,,,,6.764666351695785e-14,,,,2.0293999055087357e-13,1.6477539539337158,,,,,,,,,6.764666351695785e-14,,,,,
ANT2025lg8naglbrqhl,256.5426247491802,33.60437541464009,False,,,,,,,,,,,,0.9999999999999872,glade,latest,,,,,,,,"{'PAHyp': 115.0, 'logd25Hyp': 0.75, 'Dist': 374.973, 'redshift': 0.0824398780328896, '2MASS': '17060999+3336148', 'f_M*': 1.0, 'PGC': '       ', 'M*': '   6.00000', 'Bmag': 16.27, 'e_Bmag': 0.8135, 'SDSS-DR16Q': nan, 'f_dL': 3.0, 'e_M*': ' 3.000e+00', 'e_logd25Hyp': 0.08, 'WISExSCOS': 'J170609.99+333614.7', 'HyperLEDA': '2035484                      ', 'Type': 'G', 'logr25Hyp': 0.35, 'e_logr25Hyp': 0.03, 'GWGC': nan}",,,,,,True,,,,,,,,,,,,,,,,,0.0,,-21.599999995284147,,,77570194982263.44,,2035484.0,1058960.0,,3.043554329524711,,,inf,,,0.0824398780328896,,,0.9999999999999868,4.0,,,,4.297183130834546e-15,,,,1.289154939250364e-14,0.0181019306182861,,,,,,,,,4.297183130834546e-15,,,,,
ANT2025q3rs958jjyrm,245.77582898506864,16.284341971222872,False,,,,,,,,,,,,0.999999999999974,decals,dr9,,,,,,,,"{'shape_e1': -0.419593, 'flux_ivar_r': 39.927147, 'z_spec': -99.0, 'flux_r': 57.592346, 'z_phot_median': 0.10202, 'dec_ivar': 3224978300000.0, 'z_phot_std': 0.020439, 'nobs_z': 1, 'shape_r_ivar': 24090.492, 'ra_ivar': 1542173600000.0, 'type': 'SER', 'shape_e2_ivar': 96972.266, 'shape_e2': -0.188617, 'nobs_g': 2, 'nobs_r': 2, 'mag_r': 18.099089, 'dered_flux_r': 62.778927, 'fitbits': 0, 'shape_e1_ivar': 118165.47, 'z_phot_mean': 0.10513, 'shape_r': 1.771883, 'dered_mag_r': 18.005465}",,,,,,True,r,-17.871425410278068,,1.6009038809424894,16.350426272962117,,9906627538911702.0,,296.56325500701723,0.0,0.0999923991254607,245.82707970668747,PHOT,1.014263,,0.268128,0.0,r,-20.425815978817383,,0.9002732500000001,38303368906445.67,16.284196751688235,9906627538850754,9906627538850754.0,,1.0355905334380386,0.9986772048841016,0.0956600464002059,inf,245.7760859846559,PHOT,0.10513,,0.020439,0.9986772048841016,14.0,,,,8.702454714818348e-15,,,,2.6107364144455045e-14,1.6734998226165771,,,,,,,,,8.702454714818348e-15,,,,,
ANT2025s6k0xv3t86wa,236.35959180000003,6.975477079060141,False,,17.75,371.535,,SDSSJ154526.26+065832.3      ,0.8,145.7,       ,,G,J154526.26+065832.5,0.9214904124228868,glade,latest,,,,0.8875000000000001,0.8,0.35,0.1,"{'logr25Hyp': 0.14, 'Type': 'G', 'PGC': '       ', 'PAHyp': 145.7, 'WISExSCOS': 'J154526.26+065832.5', 'M*': '   0.80000', '2MASS': nan, 'logd25Hyp': 0.47, 'e_M*': ' 8.000e-01', 'GWGC': nan, 'SDSS-DR16Q': nan, 'f_M*': 1.0, 'HyperLEDA': 'SDSSJ154526.26+065832.3      ', 'Bmag': 17.75, 'Dist': 371.535, 'e_logd25Hyp': 0.35, 'e_logr25Hyp': 0.1, 'e_Bmag': 0.8875000000000001, 'redshift': 0.0817242343583702, 'f_dL': 1.0}",1.0,1.0,,,,False,B,-20.099998653800725,1.0055232232903928,0.8875000000000001,6.97566,SDSSJ154526.26+06583,2540615.0,,2.2154960952908005,5347.0872760317925,0.0932004670181506,236.359,PHOT,0.0817242343583702,3954579.498347286,0.024517270307511,0.9214904124228868,B,-20.099998653800725,1.0055232232903928,0.8875000000000001,11.737297836621355,6.97566,SDSSJ154526.26+06583,2540615.0,,2.2154960952908005,5347.0872760317925,0.0932004670181506,1.0,236.359,PHOT,0.0817242343583702,3954579.498347286,0.024517270307511,0.9214904124228868,10.0,0.47,0.14,,0.0782706324564522,,,,0.0785095875771133,0.0177669525146484,,0.0817242343583702,,,,,,,0.0,,,,,
ANT2025vjx8gqrr1e6l,235.02434964999995,1.3599567957472942,False,,,,,,,,,,,,0.9999999999999252,decals,dr9,,,,,,,,"{'shape_e1': -0.034615, 'flux_ivar_r': 38.386604, 'z_spec': 0.128735, 'flux_r': 73.5816, 'z_phot_median': 0.128893, 'dec_ivar': 1403716200000.0, 'z_phot_std': 0.013929, 'nobs_z': 4, 'shape_r_ivar': 36492.203, 'ra_ivar': 1303281800000.0, 'type': 'SER', 'shape_e2_ivar': 468530.28, 'shape_e2': -0.164432, 'nobs_g': 3, 'nobs_r': 3, 'mag_r': 17.833076, 'dered_flux_r': 85.8475, 'fitbits': 0, 'shape_e1_ivar': 239815.12, 'z_phot_mean': 0.129267, 'shape_r': 2.553969, 'dered_mag_r': 17.66568}",,,,,,True,r,-20.168084680622204,,1.1905329,1.4226528350715262,,9906622045095576.0,,283.1094073192928,0.0,0.0965027319910981,235.071839208582,PHOT,0.955736,,0.14592,0.0,r,-21.239015321370164,,0.883284,13347159664234.824,1.359811914543782,9906621950722608,9906621950722608.0,,4.246718692227359,0.9999999999999252,0.0963935411639093,inf,235.0255209229762,SPEC,0.128735,,0.00643675,0.9999999999999252,25.0,,,,2.4974102484629114e-14,,,,7.492230745388733e-14,1.6323261260986328,,,,,,,,,2.4974102484629114e-14,,,,,
ANT202593i4uler93t5,231.6608121695108,6.107438710786255,False,,,,,,,,,,,,0.9997875506805844,decals,dr9,,,,,,,,"{'shape_e1': -0.262411, 'flux_ivar_r': 78.764175, 'z_spec': -99.0, 'flux_r': 3.494648, 'z_phot_median': 0.079441, 'dec_ivar': 40452380000.0, 'z_phot_std': 0.203375, 'nobs_z': 3, 'shape_r_ivar': 1887.3119, 'ra_ivar': 24052710000.0, 'type': 'SER', 'shape_e2_ivar': 1184.5701, 'shape_e2': 0.230208, 'nobs_g': 2, 'nobs_r': 2, 'mag_r': 21.14149, 'dered_flux_r': 3.789712, 'fitbits': 8200, 'shape_e1_ivar': 1298.1646, 'z_phot_mean': 0.150731, 'shape_r': 0.951689, 'dered_mag_r': 21.053484}",,,,,,False,,,,,,,,,,,,,,,,,0.0871317770310001,,-18.224037435429825,,,4706.00495887841,,9906623740121198,9906623740121198.0,,0.969408664049742,,,7.552294058808611,,,0.150731,,,0.6580448020046592,15.0,,,,0.0002124468870858,,,,0.0002124493194156,3.7951390743255615,,,,,,,,,0.0,,,,,
ANT2025lauem3jotae7,230.2150686,4.913110110269059,True,,,,,,,,,,,,0.9999999999999865,decals,dr9,,,,,,,,"{'shape_e1': 0.560648, 'flux_ivar_r': 91.06712, 'z_spec': -99.0, 'flux_r': 2.951443, 'z_phot_median': 0.437443, 'dec_ivar': 13202186000.0, 'z_phot_std': 0.300281, 'nobs_z': 2, 'shape_r_ivar': 172.87848, 'ra_ivar': 32536207000.0, 'type': 'DEV', 'shape_e2_ivar': 891.04785, 'shape_e2': 0.168518, 'nobs_g': 3, 'nobs_r': 3, 'mag_r': 21.324913, 'dered_flux_r': 3.195616, 'fitbits': 0, 'shape_e1_ivar': 1469.6173, 'z_phot_mean': 0.472411, 'shape_r': 1.86812, 'dered_mag_r': 21.238613}",,,,,,True,r,-19.97450901994112,,1.14825325,4.985572025400896,,9906623363680580.0,,299.8345026120008,0.0,0.0990904402472622,230.2562884613533,PHOT,0.647348,,0.186628,0.0,r,-20.87499187974028,,1.06193065,73148310952313.58,4.913061879099483,9906623363679756,9906623363679756.0,,0.3518314376213403,0.999999999999985,0.0986174566956629,inf,230.2149907876056,PHOT,0.472411,,0.2362055,0.999999999999985,19.0,,,,4.556951883012493e-15,,,,1.367085564903748e-14,1.6120688915252686,,,,,,,,,4.556951883012493e-15,,,,,
ANT2025xmj9lacbigol,237.49831397877728,17.415724725919105,False,,,,,,,,,,,,0.9886144824788438,decals,dr9,,,,,,,,"{'shape_e1': 0.0, 'flux_ivar_r': 6.938099, 'z_spec': -99.0, 'flux_r': 3.389455, 'z_phot_median': 0.240896, 'dec_ivar': 135838220.0, 'z_phot_std': 0.332383, 'nobs_z': 2, 'shape_r_ivar': 13.156703, 'ra_ivar': 142114900.0, 'type': 'REX', 'shape_e2_ivar': 0.0, 'shape_e2': 0.0, 'nobs_g': 2, 'nobs_r': 2, 'mag_r': 21.174675, 'dered_flux_r': 3.685358, 'fitbits': 8196, 'shape_e1_ivar': 0.0, 'z_phot_mean': 0.311109, 'shape_r': 3.9824, 'dered_mag_r': 21.083801}",,,,,,True,r,-17.644316413575226,138.30400742378703,0.8681312500000001,17.41512506527973,,9906627988753870.0,,7.640505219560639,17488366.175104164,0.0996725643687889,237.4961801360232,PHOT,0.023017,402.114568672499,0.010116,7.882083119612047e-06,r,-19.962869486812245,704.6685141981523,1.05419005,86.83087796771923,17.4136390711457,9906627988753841,9906627988753840.0,,13.19469434158733,935967.9692146406,0.0994243866572743,26639.63507298352,237.49515486626203,PHOT,0.311109,16956756.166992478,0.1555545,0.2099758179213884,26.0,,,,0.011385471223416,,,,0.0113855175211562,1.5547237396240234,,,,,,,,,0.0,,,,,
ANT20255n2z708rfthq,241.8004785067237,26.320650601797794,False,,,,,,,,,,,,0.9999999999998512,decals,dr9,,,,,,,,"{'shape_e1': 0.0, 'flux_ivar_r': 407.3696, 'z_spec': -99.0, 'flux_r': 0.53984, 'z_phot_median': 0.885742, 'dec_ivar': 10203788000.0, 'z_phot_std': 0.489123, 'nobs_z': 3, 'shape_r_ivar': 0.0, 'ra_ivar': 12749904000.0, 'type': 'PSF', 'shape_e2_ivar': 0.0, 'shape_e2': 0.0, 'nobs_g': 3, 'nobs_r': 3, 'mag_r': 23.169338, 'dered_flux_r': 0.617032, 'fitbits': 0, 'shape_e1_ivar': 0.0, 'z_phot_mean': 0.917422, 'shape_r': 0.0, 'dered_mag_r': 23.024231}",,,,,,True,r,-19.55387381927122,,1.16047925,26.39177442973132,,9906631141036484.0,,295.7108471393168,0.0,0.1004593431545831,241.84633937326896,PHOT,0.605595,,0.234856,0.0,r,-20.844798320020544,,1.15121155,6720326584647.511,26.32072724468554,9906631056360053,9906631056360052.0,,0.6629676025796348,0.9989261286008944,0.0899763884947735,inf,241.8002929999573,PHOT,0.917422,,0.458711,0.9989261286008944,5.0,,,,4.96007640603031e-14,,,,1.488022921809093e-13,1.4940118789672852,,,,,,,,,4.96007640603031e-14,,,,,
ANT2025f6totf5f2fvr,219.499773859228,14.45485488344761,False,14375953+1427050,15.38,232.274,,52293                        ,3.0,86.5,       ,,G,J143759.55+142704.7,0.876135628296044,glade,latest,,,,0.7690000000000001,1.0,0.06,0.03,"{'logr25Hyp': 0.12, 'Type': 'G', 'PGC': '       ', 'PAHyp': 86.5, 'WISExSCOS': 'J143759.55+142704.7', 'M*': '   3.00000', '2MASS': '14375953+1427050', 'logd25Hyp': 0.83, 'e_M*': ' 1.000e+00', 'GWGC': nan, 'SDSS-DR16Q': nan, 'f_M*': 1.0, 'HyperLEDA': '52293                        ', 'Bmag': 15.38, 'Dist': 232.274, 'e_logd25Hyp': 0.06, 'e_logr25Hyp': 0.03, 'e_Bmag': 0.7690000000000001, 'redshift': 0.0521646658417061, 'f_dL': 3.0}",1.0,3.0,,,,False,B,-21.450002999124045,3.346588055660044,0.7690000000000001,14.451411,52293,1051301.0,,13.761230382095428,3704.5222661257694,0.0987846157732257,219.498062,SPEC,0.0521646658417061,1727927.3901362382,0.0156493997525118,0.876135628296044,B,-21.450002999124045,3.346588055660044,0.7690000000000001,7.073346566436916,14.451411,52293,1051301.0,,13.761230382095428,3704.5222661257694,0.0987846157732257,1.0,219.498062,SPEC,0.0521646658417061,1727927.3901362382,0.0156493997525118,0.876135628296044,11.0,0.83,0.12,,0.1238643716527237,,,,0.1238643717039561,0.0058469772338867,,0.0521646658417061,,,,,,,0.0,,,,,
ANT20250cu8b87l7gva,224.31122533412145,12.81180833153941,True,,,,,,,,,,,,0.9997913420702852,decals,dr9,,,,,,,,"{'shape_e1': 0.215476, 'flux_ivar_r': 2.609464, 'z_spec': -99.0, 'flux_r': 28.74946, 'z_phot_median': 0.069272, 'dec_ivar': 437600300.0, 'z_phot_std': 0.233283, 'nobs_z': 3, 'shape_r_ivar': 45.635723, 'ra_ivar': 968835100.0, 'type': 'EXP', 'shape_e2_ivar': 6852.649, 'shape_e2': -0.280251, 'nobs_g': 3, 'nobs_r': 3, 'mag_r': 18.853426, 'dered_flux_r': 30.527758, 'fitbits': 16, 'shape_e1_ivar': 5165.5747, 'z_phot_mean': 0.168841, 'shape_r': 13.8336, 'dered_mag_r': 18.788263}",,,,,,True,r,-23.42836157657494,1103.1845762666785,0.70612905,12.803628441202276,,9906626253160660.0,,34.691894834579486,21749.93513186849,0.0944289453028904,224.3059996785448,SPEC,0.071706,3.706859366319361e-15,0.0035853,8.294872269006509e-22,r,-20.759896488608547,67.69514049202476,0.93941315,4791.532933527453,12.802871120249309,9906626253160605,9906626253160604.0,,42.65418339401577,21379.51561340331,0.0951955412825265,1.1896188609046858e+21,224.3032469916137,PHOT,0.168841,38234572.63122986,0.0844205,0.9867736500005392,38.0,,,,0.0002086552960154,,,,0.0002086579297148,1.5580790042877195,,,,,,,,,0.0,,,,,
ANT2025fev6plw2q9mi,216.0857304876317,28.97476635880532,False,,,,,,,,,,,,0.8158531667714526,decals,dr9,,,,,,,,"{'z_spec': -99.0, 'z_phot_mean': 0.070648, 'shape_r_ivar': 555.6409, 'fitbits': 0, 'shape_e1': -0.312193, 'z_phot_std': 0.025405, 'dec_ivar': 68547727000.0, 'dered_mag_r': 18.362555, 'ra_ivar': 32247430000.0, 'shape_e2_ivar': 8187.8984, 'shape_e1_ivar': 15810.41, 'nobs_g': 1, 'shape_r': 8.141932, 'dered_flux_r': 45.183308, 'mag_r': 18.3915, 'nobs_r': 1, 'flux_r': 43.994648, 'flux_ivar_r': 3.290024, 'type': 'SER', 'z_phot_median': 0.065858, 'shape_e2': 0.035798, 'nobs_z': 2}",,,,,,False,,,,,,,,,,,,,,,,,0.0,,-19.154504317707428,,,4.430449074076042,,9906631971376340.0,9906631971376340.0,,67.79450936884471,,,inf,,,0.070648,,,0.5632474656027753,0.0,,,,0.1828950072092473,,,,0.1841468332285473,1.722187042236328,,,,,,,,,0.0,,,,,
ANT2025ll9xpsqu9ql4,276.76302091519284,51.05352284682162,False,,,,,,,,,,,,0.999999999999928,decals,dr9,,,,,,,,"{'z_spec': -99, 'z_phot_mean': 0.055162, 'shape_r_ivar': 37173.63, 'fitbits': 0, 'shape_e1': 0.300465, 'z_phot_std': 0.017865, 'dec_ivar': 725868900000.0, 'dered_mag_r': 18.393915, 'ra_ivar': 1455131200000.0, 'shape_e2_ivar': 87157.68, 'shape_e1_ivar': 145145.94, 'nobs_g': 3, 'shape_r': 1.657172, 'dered_flux_r': 43.89693, 'mag_r': 18.478676, 'nobs_r': 4, 'flux_r': 40.60032, 'flux_ivar_r': 46.968716, 'type': 'SER', 'z_phot_median': 0.054842, 'shape_e2': 0.064812, 'nobs_z': 3}",,,,,,True,,,,,,,,,,,,,,,,,0.0,,-18.56206926993784,,,13901991223591.814,,9907737831082920.0,9907737831082920.0,,1.764333900650351,,,inf,,,0.055162,,,0.999999999999928,3.0,,,,2.3977380504142413e-14,,,,7.193214151242727e-14,1.807544708251953,,,,,,,,,2.3977380504142413e-14,,,,,
ANT2025v6ale8q6a4p6,266.7873101379205,17.22901803389348,False,,,,,,,,,,,,0.9999719479740352,decals,dr9,,,,,,,,"{'z_spec': -99, 'z_phot_mean': 0.106899, 'shape_r_ivar': 51402.145, 'fitbits': 0, 'shape_e1': 0.0, 'z_phot_std': 0.01815, 'dec_ivar': 583608500000.0, 'dered_mag_r': 17.711735, 'ra_ivar': 579607800000.0, 'shape_e2_ivar': 0.0, 'shape_e1_ivar': 0.0, 'nobs_g': 5, 'shape_r': 2.844345, 'dered_flux_r': 82.282166, 'mag_r': 17.874857, 'nobs_r': 3, 'flux_r': 70.80388, 'flux_ivar_r': 26.974688, 'type': 'REX', 'z_phot_median': 0.109304, 'shape_e2': 0.0, 'nobs_z': 3}",,,,,,True,,,,,,,,,,,,,,,,,0.0,,-20.75833502845111,,,35647.049137458846,,9906627905915060.0,9906627905915060.0,,2.4787006067359343,,,inf,,,0.106899,,,0.9999719479740352,2.0,,,,2.301041136339346e-05,,,,2.805202596484315e-05,2.659505844116211,,,,,,,,,0.0,,,,,
ANT20257ipvy98nxblu,257.63831069125285,7.688829539726996,True,,,,,,,,,,,,0.9999999999999868,decals,dr9,,,,,,,,"{'shape_e1': 0.0, 'flux_ivar_r': 818.42975, 'z_spec': -99, 'flux_r': 0.594134, 'z_phot_median': 0.573502, 'dec_ivar': 15172397000.0, 'z_phot_std': 0.278196, 'nobs_z': 3, 'shape_r_ivar': 0.0, 'ra_ivar': 16079677000.0, 'type': 'PSF', 'shape_e2_ivar': 0.0, 'shape_e2': 0.0, 'nobs_g': 3, 'nobs_r': 3, 'mag_r': 23.065289, 'dered_flux_r': 0.805028, 'fitbits': 0, 'shape_e1_ivar': 0.0, 'z_phot_mean': 0.564853, 'shape_r': 0.0, 'dered_mag_r': 22.735472}",,,,,,True,,,,,,,,,,,,,,,,,0.0,,-19.84472352407364,,,76452780678901.4,,9906624403284790,9906624403284790.0,,0.1579922057954512,,,inf,,,0.564853,,,0.9999999999999868,12.0,,,,4.3599896612435265e-15,,,,1.307996898373058e-14,2.338201999664306,,,,,,,,,4.3599896612435265e-15,,,,,
ANT2025cpdqyrlkc1q0,254.17437540000003,2.870176397743407,False,,,,,,,,,,,,,,,,,,,,,,{},,,,,,False,,,,,,,,,,,,,,,,,,,,,,,,,,,,,,,,,,,,,2.0,,,,,,,,,,,,,,,,,,,,,,,
ANT2025wkdr92njjdyr,249.96002298518115,35.802195462999784,False,,,,,,,,,,,,0.9999999999999436,decals,dr9,,,,,,,,"{'shape_e1': -0.62131, 'flux_ivar_r': 5.130114, 'z_spec': 0.121145, 'flux_r': 147.38576, 'z_phot_median': 0.107741, 'dec_ivar': 4745049000000.0, 'z_phot_std': 0.020418, 'nobs_z': 2, 'shape_r_ivar': 194092.55, 'ra_ivar': 1142221700000.0, 'type': 'SER', 'shape_e2_ivar': 708756.1, 'shape_e2': 0.268861, 'nobs_g': 4, 'nobs_r': 3, 'mag_r': 17.078861, 'dered_flux_r': 154.60338, 'fitbits': 528, 'shape_e1_ivar': 589048.44, 'z_phot_mean': 0.106738, 'shape_r': 9.285028, 'dered_mag_r': 17.026953}",,,,,,True,r,-21.25071487888836,,0.8568555,35.88047861480079,,9907733721710994.0,,296.75031666465907,0.0,0.097160135541627,249.99186911525365,PHOT,0.103181,,0.0515905,0.0,r,-21.73511517117793,,0.85134765,17756959986162.965,35.80069594351232,9907733645037075,9907733645037076.0,,8.889137475729687,0.8622174063533449,0.0856477496498461,inf,249.9624420545453,SPEC,0.121145,,0.00605725,0.8622174063533449,29.0,,,,1.8771982005538288e-14,,,,5.631594601661487e-14,1.550955057144165,,,,,,,,,1.8771982005538288e-14,,,,,
ANT2025ql20is4gd41z,250.02790635445152,29.763276967949523,True,,,,,,,,,,,,0.999999999999992,decals,dr9,,,,,,,,"{'shape_e1': 0.0, 'flux_ivar_r': 193.33037, 'z_spec': -99.0, 'flux_r': 0.997671, 'z_phot_median': 0.518906, 'dec_ivar': 4394313000.0, 'z_phot_std': 0.104127, 'nobs_z': 3, 'shape_r_ivar': 408.74112, 'ra_ivar': 5043928600.0, 'type': 'REX', 'shape_e2_ivar': 0.0, 'shape_e2': 0.0, 'nobs_g': 3, 'nobs_r': 3, 'mag_r': 22.502531, 'dered_flux_r': 1.073717, 'fitbits': 0, 'shape_e1_ivar': 0.0, 'z_phot_mean': 0.519261, 'shape_r': 0.520497, 'dered_mag_r': 22.422775}",,,,,,True,r,-21.255379212082087,,1.15385255,29.77121426317681,,9906632226178760.0,,156.69447446567526,0.0,0.0884637287578437,249.9786050353572,PHOT,1.090301,,0.146292,0.0,r,-19.93701067021336,,1.12113875,124714469289779.28,29.763248786129825,9906632226179699,9906632226179700.0,,0.1575625847479156,0.999999999999992,0.0774746555518512,inf,250.02792331852007,PHOT,0.519261,,0.104127,0.999999999999992,10.0,,,,2.6727719344161805e-15,,,,8.01831580324854e-15,1.6041319370269775,,,,,,,,,2.6727719344161805e-15,,,,,
ANT20257dcy3d38rfuc,288.8659181917424,54.07483206480358,False,,,,,,,,,,,,0.999999999999982,decals,dr9,,,,,,,,"{'shape_e1': 0.510395, 'flux_ivar_r': 62.045444, 'z_spec': -99, 'flux_r': 6.064519, 'z_phot_median': 0.108416, 'dec_ivar': 11736234000.0, 'z_phot_std': 0.090452, 'nobs_z': 2, 'shape_r_ivar': 696.033, 'ra_ivar': 51868344000.0, 'type': 'SER', 'shape_e2_ivar': 6512.48, 'shape_e2': 0.403981, 'nobs_g': 3, 'nobs_r': 3, 'mag_r': 20.543009, 'dered_flux_r': 7.59721, 'fitbits': 16, 'shape_e1_ivar': 7374.5957, 'z_phot_mean': 0.114522, 'shape_r': 2.743425, 'dered_mag_r': 20.298365}",,,,,,True,r,-20.76635276546041,,1.13467485,54.155294671893,,9907738579502568.0,,289.73164412610754,0.0,0.1037095196610756,288.8689341057687,PHOT,0.7873,,0.289262,0.0,r,-18.3322153475418,,1.01491825,55742496693508.26,54.07444732909841,9907738524123488,9907738524123488.0,,1.3917971591790284,0.7292497004517656,0.1034175134491072,inf,288.8658835722507,PHOT,0.114522,,0.057261,0.7292497004517656,30.0,,,,5.979878066210607e-15,,,,1.7939634198631822e-14,1.8339040279388428,,,,,,,,,5.979878066210607e-15,,,,,
ANT2025mi5g5y8lezb6,278.24835490387346,72.86053265753608,False,,,,,,,,,,,,0.9996549097103832,decals,dr9,,,,,,,,"{'shape_e1': 0.273921, 'flux_ivar_r': 68.96483, 'z_spec': -99, 'flux_r': 23.056555, 'z_phot_median': 0.08285, 'dec_ivar': 724220600000.0, 'z_phot_std': 0.031796, 'nobs_z': 4, 'shape_r_ivar': 19349.15, 'ra_ivar': 1139197100000.0, 'type': 'SER', 'shape_e2_ivar': 17526.408, 'shape_e2': 0.09526, 'nobs_g': 3, 'nobs_r': 3, 'mag_r': 19.093014, 'dered_flux_r': 26.353416, 'fitbits': 0, 'shape_e1_ivar': 26652.738, 'z_phot_mean': 0.080304, 'shape_r': 1.013575, 'dered_mag_r': 18.947908}",,,,,,True,r,-22.17169165109848,267.61375100471867,0.8465109000000001,72.85465076979754,,9907741691023560.0,,31.477001074154057,7.7825294329340995,0.0751748246718904,278.27030625740656,PHOT,0.139966,14.950791972926694,0.009657,9.72890010294972e-20,r,-18.861897636551664,7.2620474331005855,0.9473954,2896.7923462021754,72.861289816715,9907741691023445,9907741691023444.0,,2.727940569943944,27964.80624337926,0.1068154511690405,1.0273766011781612e+19,278.24835946380404,PHOT,0.080304,189717292.3739001,0.031796,0.9995244320970348,32.0,,,,0.0003442137140753,,,,0.0003450902896167,1.571786880493164,,,,,,,,,0.0,,,,,
ANT2025l2zj8gar89mu,190.17423339715,-7.655487932404625,False,,,,,,,,,,,,0.9999970176740096,decals,dr9,,,,,,,,"{'shape_e1': -0.16728, 'flux_ivar_r': 44.019024, 'z_spec': -99, 'flux_r': 95.151024, 'z_phot_median': 0.12858, 'dec_ivar': 6367490300000.0, 'z_phot_std': 0.031085, 'nobs_z': 2, 'shape_r_ivar': 115155.04, 'ra_ivar': 4127637400000.0, 'type': 'SER', 'shape_e2_ivar': 803454.7, 'shape_e2': -0.397877, 'nobs_g': 4, 'nobs_r': 3, 'mag_r': 17.553967, 'dered_flux_r': 100.717804, 'fitbits': 0, 'shape_e1_ivar': 579865.7, 'z_phot_mean': 0.127446, 'shape_r': 2.085417, 'dered_mag_r': 17.492235}",,,,,,True,r,-19.922290014667336,0.6110414270275428,1.20056065,-7.605775614797968,,9906618642009512.0,,299.6643255914075,0.0,0.0987884499057029,190.24159263227605,PHOT,0.939751,7.4924116038130865e-16,0.319165,0.0,r,-21.388803836373768,1.7060737844133698,0.8746117500000001,335307.7500393595,-7.655514007715012,9906618548356925,9906618548356924.0,,0.8938437441490569,5931.931884882469,0.0984100360998717,inf,190.1739844829412,PHOT,0.127446,1211767.042817065,0.031085,0.9999970176740096,1.0,,,,2.9723320530406385e-06,,,,2.9823259902481432e-06,4.226285934448242,,,,,,,,,0.0,,,,,
ANT2025rv4qcco2gd2w,215.6302040493512,4.850220433813774,False,,,,,,,,,,,,0.9999999999998752,glade,latest,,,,,,,,"{'logr25Hyp': 0.15, 'Type': 'G', 'PGC': '       ', 'PAHyp': 127.2, 'WISExSCOS': 'J142230.72+045052.2', 'M*': '   1.70000', '2MASS': '14223076+0450517', 'logd25Hyp': 0.64, 'e_M*': ' 8.000e-01', 'GWGC': nan, 'SDSS-DR16Q': nan, 'f_M*': 1.0, 'HyperLEDA': '1274179                      ', 'Bmag': 16.52, 'Dist': 247.742, 'e_logd25Hyp': 0.1, 'e_logr25Hyp': 0.03, 'e_Bmag': 0.8260000000000001, 'redshift': 0.0555055171898347, 'f_dL': 3.0}",,,,,,True,,,,,,,,,,,,,,,,,0.0,,-20.44999819160596,,,8014987127412.211,,1274179,1049099.0,,11.633218325656571,,,inf,,,0.0555055171898347,,,0.9999999999998752,2.0,,,,4.1588754671015246e-14,,,,1.2476626401304576e-13,0.0138309001922607,,,,,,,,,4.1588754671015246e-14,,,,,
ANT2025bg8pgntbst2a,223.85317068515616,8.116111574436005,True,,18.13,158.489,,SDSSJ145524.86+080658.2      ,0.1,165.6,       ,,G,J145524.93+080656.5,0.99999999999998,glade,latest,,,,0.9065,0.1,0.32,0.1,"{'logr25Hyp': 0.22, 'Type': 'G', 'PGC': '       ', 'PAHyp': 165.6, 'WISExSCOS': 'J145524.93+080656.5', 'M*': '   0.10000', '2MASS': nan, 'logd25Hyp': 0.54, 'e_M*': ' 1.000e-01', 'GWGC': nan, 'SDSS-DR16Q': nan, 'f_M*': 1.0, 'HyperLEDA': 'SDSSJ145524.86+080658.2      ', 'Bmag': 18.13, 'Dist': 158.489, 'e_logd25Hyp': 0.32, 'e_logr25Hyp': 0.1, 'e_Bmag': 0.9065, 'redshift': 0.0360139576682026, 'f_dL': 1.0}",1.0,1.0,,,,True,B,-20.8900009900021,,0.929,8.13474,1339833,391118.0,,214.4965684883705,0.0,0.099062065831798,223.796,PHOT,0.1634134406077531,,0.0490240321823259,0.0,B,-17.86999561664511,,0.9065,50017114590769.1,8.11618,SDSSJ145524.86+08065,2504629.0,,2.972754986675988,0.99999999999998,0.0995302607082318,inf,223.854,PHOT,0.0360139576682026,,0.0108041873004608,0.99999999999998,15.0,0.54,0.22,,6.66438550205463e-15,,,,1.9993156506163886e-14,0.0064671039581298,,0.0360139576682026,,,,,,,6.66438550205463e-15,,,,,
ANT2024tbh9gc0i8sly,222.32940793459764,10.972046603589163,False,,,,,,,,,,,,0.9999999999999316,decals,dr9,,,,,,,,"{'shape_e1': 0.220237, 'flux_ivar_r': 83.805664, 'z_spec': -99.0, 'flux_r': 62.455467, 'z_phot_median': 0.105336, 'dec_ivar': 1102776000000.0, 'z_phot_std': 0.017256, 'nobs_z': 4, 'shape_r_ivar': 107778.27, 'ra_ivar': 2245605200000.0, 'type': 'SER', 'shape_e2_ivar': 884667.06, 'shape_e2': -0.229976, 'nobs_g': 4, 'nobs_r': 5, 'mag_r': 18.011074, 'dered_flux_r': 65.56657, 'fitbits': 0, 'shape_e1_ivar': 890085.25, 'z_phot_mean': 0.107405, 'shape_r': 2.616361, 'dered_mag_r': 17.958294}",,,,,,True,r,-20.23336134947888,,1.19620535,10.934062719364798,,9906625605537510.0,,218.0380475278052,0.0,0.097392314764232,222.3774579339167,PHOT,1.021545,,0.431447,0.0,r,-20.5227597266436,,0.8979147,14620180095178.48,10.97130836557228,9906625605536492,9906625605536492.0,,3.0772007048195555,0.9999999999999316,0.0993620123491997,inf,222.3298456235406,PHOT,0.107405,,0.017256,0.9999999999999316,16.0,,,,2.27995367473783e-14,,,,6.83986102421349e-14,1.6940670013427734,,,,,,,,,2.27995367473783e-14,,,,,
ANT20259e7yceul08h3,234.4053609463718,-8.720935948821392,False,,,,,,,,,,,,,,,,,,,,,,{},,,,,,False,,,,,,,,,,,,,,,,,,,,,,,,,,,,,,,,,,,,,1.0,,,,,,,,,,,,,,,,,,,,,,,
ANT2025horrkys8e0mj,226.32222164573744,-10.303817008818314,False,,,,,,,,,,,,,,,,,,,,,,{},,,,,,False,,,,,,,,,,,,,,,,,,,,,,,,,,,,,,,,,,,,,0.0,,,,,,,,,,,,,,,,,,,,,,,
ANT2025062yyenwrt86,223.5803437207844,-18.684701711162035,False,,,,,,,,,,,,,,,,,,,,,,{},,,,,,False,,,,,,,,,,,,,,,,,,,,,,,,,,,,,,,,,,,,,13.0,,,,,,,,,,,,,,,,,,,,,,,
ANT2025xphuse50lmmu,213.63203726171545,-10.703579949344617,False,14143082-1042206,14.53,194.089,,50864                        ,5.0,118.7,       ,,G,J141430.78-104220.4,0.999999999999964,glade,latest,,,,0.7265,2.0,0.05,0.03,"{'logr25Hyp': 0.17, 'Type': 'G', 'PGC': '       ', 'PAHyp': 118.7, 'WISExSCOS': 'J141430.78-104220.4', 'M*': '   5.00000', '2MASS': '14143082-1042206', 'logd25Hyp': 0.99, 'e_M*': ' 2.000e+00', 'GWGC': nan, 'SDSS-DR16Q': nan, 'f_M*': 1.0, 'HyperLEDA': '50864                        ', 'Bmag': 14.53, 'Dist': 194.089, 'e_logd25Hyp': 0.05, 'e_logr25Hyp': 0.03, 'e_Bmag': 0.7265, 'redshift': 0.0438515357757754, 'f_dL': 3.0}",1.0,3.0,,,,False,B,-21.910004604843166,,0.7265,-10.705728,50864,1164515.0,,14.958839090881424,0.999999999999964,0.0982721027057169,213.628418,SPEC,0.0438515357757754,,0.0131554607327326,0.999999999999964,B,-21.910004604843166,,0.7265,27870123071750.027,-10.705728,50864,1164515.0,,14.958839090881424,0.999999999999964,0.0982721027057169,1.0,213.628418,SPEC,0.0438515357757754,,0.0131554607327326,0.999999999999964,22.0,0.99,0.17,,1.1960239015635991e-14,,,,3.5880717046907965e-14,0.012031078338623,,0.0438515357757754,,,,,,,1.1960239015635991e-14,,,,,
ANT2025j9wiyt3qlkn8,219.4301641356589,-7.492340067897786,False,,,,,,,,,,,,0.999999999999961,decals,dr9,,,,,,,,"{'z_spec': -99, 'z_phot_mean': 0.11989, 'shape_r_ivar': 52413.953, 'fitbits': 8, 'shape_e1': -0.734326, 'z_phot_std': 0.016797, 'dec_ivar': 6434425700000.0, 'dered_mag_r': 18.533276, 'ra_ivar': 611371250000.0, 'shape_e2_ivar': 462723.84, 'shape_e1_ivar': 368854.7, 'nobs_g': 6, 'shape_r': 2.346069, 'dered_flux_r': 38.60909, 'mag_r': 18.687605, 'nobs_r': 5, 'flux_r': 33.4933, 'flux_ivar_r': 153.63553, 'type': 'SER', 'z_phot_median': 0.118255, 'shape_e2': 0.061737, 'nobs_z': 4}",,,,,,True,,,,,,,,,,,,,,,,,0.0,,-20.2044040428775,,,25683877473867.41,,9906618649612486.0,9906618649612486.0,,2.48031890397735,,,inf,,,0.11989,,,0.9995045301224244,3.0,,,,1.2978310368926076e-14,,,,3.8934931106778224e-14,2.0158188343048096,,,,,,,,,1.2978310368926076e-14,,,,,
ANT2025l105hk07u87p,198.9916614316924,17.165715128217826,False,,,,,,,,,,,,0.9548860320886172,decals,dr9,,,,,,,,"{'shape_e1': 0.304449, 'flux_ivar_r': 11.120062, 'z_spec': -99.0, 'flux_r': 2.89083, 'z_phot_median': 0.031304, 'dec_ivar': 218256430.0, 'z_phot_std': 0.28587, 'nobs_z': 4, 'shape_r_ivar': 22.546347, 'ra_ivar': 773580160.0, 'type': 'EXP', 'shape_e2_ivar': 252.66515, 'shape_e2': -0.009934, 'nobs_g': 3, 'nobs_r': 3, 'mag_r': 21.347445, 'dered_flux_r': 3.04512, 'fitbits': 16, 'shape_e1_ivar': 978.68256, 'z_phot_mean': 0.074677, 'shape_r': 5.24, 'dered_mag_r': 21.290989}",,,,,,True,r,-19.49741436280961,1293.5844034984848,0.7683498000000001,17.165087308197034,,9906627888877246.0,,9.158542725607845,18903744.647486635,0.0979974810103996,198.9890817843589,PHOT,0.021578,0.0022016608275524,0.007694,1.6181460146249322e-10,r,-16.352604847258217,88.77603081101539,1.06454945,21.16608394908424,17.163447696706843,9906627888877200,9906627888877200.0,,18.355984226175423,69280.42279796633,0.0982748621053116,2613210683.478584,198.98688189773225,PHOT,0.074677,15150880977.463028,0.0373385,0.4228556452846165,25.0,,,,0.0451135171620114,,,,0.0451139679113826,1.7514607906341553,,,,,,,,,0.0,,,,,
ANT2024znv9avlj9xet,190.35796006534,-8.471996718822652,False,,,,,,,,,,,,,,,,,,,,,,{},,,,,,False,,,,,,,,,,,,,,,,,,,,,,,,,,,,,,,,,,,,,3.0,,,,,,,,,,,,,,,,,,,,,,,
ANT2025asxaflfyrp5m,206.05389555,-1.48190321217254,False,,18.56,207.014,,1117633                      ,0.1,174.0,       ,,G,J134413.20-012854.5,0.9999999999999604,glade,latest,,,,0.928,0.1,0.12,0.03,"{'logr25Hyp': 0.08, 'Type': 'G', 'PGC': '       ', 'PAHyp': 174.0, 'WISExSCOS': 'J134413.20-012854.5', 'M*': '   0.10000', '2MASS': nan, 'logd25Hyp': 0.33, 'e_M*': ' 1.000e-01', 'GWGC': nan, 'SDSS-DR16Q': nan, 'f_M*': 1.0, 'HyperLEDA': '1117633                      ', 'Bmag': 18.56, 'Dist': 207.014, 'e_logd25Hyp': 0.12, 'e_logr25Hyp': 0.03, 'e_Bmag': 0.928, 'redshift': 0.0466760351970203, 'f_dL': 1.0}",1.0,1.0,,,,False,B,-18.019998596482257,,0.928,-1.48173,1117633,1341363.0,,4.0232332486852735,0.9999999999999604,0.1045270002572889,206.055,PHOT,0.0466760351970203,,0.014002810559106,0.9999999999999604,B,-18.019998596482257,,0.928,25159092310264.992,-1.48173,1117633,1341363.0,,4.0232332486852735,0.9999999999999604,0.1045270002572889,1.0,206.055,PHOT,0.0466760351970203,,0.014002810559106,0.9999999999999604,6.0,0.33,0.08,,1.3249020641230326e-14,,,,3.9747061923690985e-14,0.0095071792602539,,0.0466760351970203,,,,,,,1.3249020641230326e-14,,,,,
ANT20251ox8zmihbglk,214.8415533,-1.7857065000000034,False,,,,,,,,,,,,0.8833020386529299,decals,dr9,,,,,,,,"{'z_spec': -99.0, 'z_phot_mean': 0.161038, 'shape_r_ivar': 636.65155, 'fitbits': 9224, 'shape_e1': 0.419299, 'z_phot_std': 0.103759, 'dec_ivar': 4008941000.0, 'dered_mag_r': 20.101229, 'ra_ivar': 18545330000.0, 'shape_e2_ivar': 10934.694, 'shape_e1_ivar': 22398.0, 'nobs_g': 6, 'shape_r': 4.433403, 'dered_flux_r': 9.109791, 'mag_r': 20.231722, 'nobs_r': 5, 'flux_r': 8.07814, 'flux_ivar_r': 67.516525, 'type': 'SER', 'z_phot_median': 0.147712, 'shape_e2': -0.156103, 'nobs_z': 4}",,,,,,False,,,,,,,,,,,,,,,,,0.0,,-19.333803432130235,,,7.569129986991895,,9906620812953900.0,9906620812953900.0,,23.4112476909734,,,inf,,,0.161038,,,0.7161568162433812,2.0,,,,0.1164489558768896,,,,0.1166979613470701,1.7875657081604004,,,,,,,,,0.0,,,,,
ANT202532i2knf0ue79,205.25180384071007,39.05818991090958,False,,,,,,,,,,,,0.9996324030110286,decals,dr9,,,,,,,,"{'z_spec': -99.0, 'z_phot_mean': 0.189447, 'shape_r_ivar': 205.96642, 'fitbits': 9216, 'shape_e1': -0.307283, 'z_phot_std': 0.074746, 'dec_ivar': 8806338000.0, 'dered_mag_r': 19.106985, 'ra_ivar': 2774211300.0, 'shape_e2_ivar': 4825.5933, 'shape_e1_ivar': 12235.541, 'nobs_g': 2, 'shape_r': 5.636327, 'dered_flux_r': 22.761782, 'mag_r': 19.12567, 'nobs_r': 2, 'flux_r': 22.373425, 'flux_ivar_r': 3.261929, 'type': 'EXP', 'z_phot_median': 0.17356, 'shape_e2': -0.035371, 'nobs_z': 3}",,,,,,True,,,,,,,,,,,,,,,,,0.0,,-20.718106146398306,,,2719.3704872504204,,9907734612609694.0,9907734612609694.0,,8.063929275105394,,,inf,,,0.189447,,,0.9995630096303764,9.0,,,,0.0003675936895017,,,,0.0003675969889714,1.4045860767364502,,,,,,,,,0.0,,,,,
ANT202533wxa4y7tp1z,159.60038603843984,68.04026954182743,False,,,,,,,,,,,,0.9999999999999936,decals,dr9,,,,,,,,"{'shape_e1': -0.273777, 'flux_ivar_r': 16.704596, 'z_spec': -99, 'flux_r': 4.54408, 'z_phot_median': 0.137021, 'dec_ivar': 4141200100.0, 'z_phot_std': 0.214638, 'nobs_z': 4, 'shape_r_ivar': 12.451224, 'ra_ivar': 2651842600.0, 'type': 'DEV', 'shape_e2_ivar': 230.06621, 'shape_e2': -0.109736, 'nobs_g': 3, 'nobs_r': 3, 'mag_r': 20.856384, 'dered_flux_r': 4.703621, 'fitbits': 0, 'shape_e1_ivar': 501.9848, 'z_phot_mean': 0.215996, 'shape_r': 5.916955, 'dered_mag_r': 20.81892}",,,,,,True,r,-20.169599809654155,,1.184757,67.9670778864372,,9907741074718900.0,,288.2809730745147,0.0,0.0924042873524574,159.51363988006426,PHOT,0.915955,,0.14258,0.0,r,-19.32450655539079,,1.040946,156928673172518.62,68.04005428607742,9907741074719392,9907741074719392.0,,0.9909634835520515,0.9998988661567824,0.0809788098865696,inf,159.59992610695306,PHOT,0.215996,,0.107998,0.9998988661567824,17.0,,,,2.124107255828788e-15,,,,6.372321767486363e-15,1.3586430549621582,,,,,,,,,2.124107255828788e-15,,,,,
ANT2025crkw0q0tcw1j,255.44928022572304,24.70732469616792,False,17014779+2442203,17.41,223.872,,1714181                      ,0.9,171.9,       ,,G,,0.5990096539462528,glade,latest,,,,0.8705,0.7,0.09,0.03,"{'Type': 'G', 'f_dL': 1.0, 'M*': '   0.90000', 'logr25Hyp': 0.38, 'WISExSCOS': nan, 'e_Bmag': 0.8705, 'e_M*': ' 7.000e-01', 'PGC': '       ', 'SDSS-DR16Q': nan, '2MASS': '17014779+2442203', 'GWGC': nan, 'HyperLEDA': '1714181                      ', 'e_logd25Hyp': 0.09, 'Bmag': 17.41, 'logd25Hyp': 0.58, 'redshift': 0.0503435973780116, 'PAHyp': 171.9, 'Dist': 223.872, 'f_M*': nan, 'e_logr25Hyp': 0.03}",,1.0,,,,False,B,-20.62999664578689,9.17924283670416,0.8375,24.763651,1715725,1112146.0,,271.1437590219593,0.0,0.0959892965295327,255.504333,SPEC,0.066518875427798,10699884.806626905,0.0199556626283394,0.0,B,-19.33999889032637,2.362246084916384,0.8705,1.4938256240861325,24.705652,1714181,6064.0,,6.046763136442181,26193.25774397081,0.0988385713379705,inf,255.449127,PHOT,0.0503435973780116,6473603.438727067,0.0151030792134034,0.5990096539462528,6.0,0.58,0.38,,0.4009903435696321,,,,0.400990346053747,0.0072109699249267,,0.0503435973780116,,,,,,,0.0,,,,,
ANT202554amt5d7fjbg,224.7988461,1.56513357344204,False,,18.7,567.545,,3119328                      ,4.0,4.8,       ,,G,J145911.52+013348.5,0.9999999999999636,glade,latest,,,,0.935,3.0,0.32,0.1,"{'Type': 'G', 'f_dL': 1.0, 'M*': '   4.00000', 'logr25Hyp': 0.23, 'WISExSCOS': 'J145911.52+013348.5', 'e_Bmag': 0.935, 'e_M*': ' 3.000e+00', 'PGC': '       ', 'SDSS-DR16Q': nan, '2MASS': nan, 'GWGC': nan, 'HyperLEDA': '3119328                      ', 'e_logd25Hyp': 0.32, 'Bmag': 18.7, 'logd25Hyp': 0.53, 'redshift': 0.1215558978006359, 'PAHyp': 4.8, 'Dist': 567.545, 'f_M*': 1.0, 'e_logr25Hyp': 0.1}",1.0,1.0,,,,False,B,-20.07000149875813,,0.935,1.5636,3119328,2508425.0,,6.308298220960649,0.9999999999999636,0.0987920395194922,224.798,PHOT,0.1215558978006359,,0.0364667693401907,0.9999999999999636,B,-20.07000149875813,,0.935,27356918533086.06,1.5636,3119328,2508425.0,,6.308298220960649,0.9999999999999636,0.0987920395194922,1.0,224.798,PHOT,0.1215558978006359,,0.0364667693401907,0.9999999999999636,8.0,0.53,0.23,,1.2184608179835038e-14,,,,3.655382453950512e-14,0.009523868560791,,0.1215558978006359,,,,,,,1.2184608179835038e-14,,,,,
ANT202515crnx0itom6,268.8628340380646,3.99563458401704,False,,,,,,,,,,,,,,,,,,,,,,{},,,,,,False,,,,,,,,,,,,,,,,,,,,,,,,,,,,,,,,,,,,,5.0,,,,,,,,,,,,,,,,,,,,,,,
ANT2025aouaapmdy6h8,256.3766508672585,15.276752559222588,False,,,,,,,,,,,,0.9999999999994594,decals,dr9,,,,,,,,"{'shape_e1': -0.122438, 'flux_ivar_r': 36.61669, 'z_spec': -99, 'flux_r': 68.52373, 'z_phot_median': 0.080124, 'dec_ivar': 1427206600000.0, 'z_phot_std': 0.021998, 'nobs_z': 3, 'shape_r_ivar': 78085.41, 'ra_ivar': 968216350000.0, 'type': 'SER', 'shape_e2_ivar': 662362.5, 'shape_e2': 0.167368, 'nobs_g': 3, 'nobs_r': 3, 'mag_r': 17.910398, 'dered_flux_r': 86.33383, 'fitbits': 0, 'shape_e1_ivar': 510582.03, 'z_phot_mean': 0.075948, 'shape_r': 2.563224, 'dered_mag_r': 17.659548}",,,,,,True,r,-21.160591088264447,,1.14893635,15.210212470012062,,9906627177811324.0,,288.5430069676949,0.0,0.0984794220137138,256.4229637383064,PHOT,1.014663,,0.126474,0.0,r,-20.022610146242684,,0.8829774000000001,1849821984913.413,15.274967856673692,9906627177810101,9906627177810100.0,,6.592674306149463,0.9999999999994594,0.0984376565338993,inf,256.3762294235595,PHOT,0.075948,,0.021998,0.9999999999994594,28.0,,,,1.8019751957308248e-13,,,,5.405925587192475e-13,1.8104908466339111,,,,,,,,,1.8019751957308248e-13,,,,,
ANT2025nohp5ls4uq6z,251.5766321306094,44.92036160294919,False,,,,,,,,,,,,0.9999999999999768,glade,latest,,,,,,,,"{'PAHyp': 61.2, 'logd25Hyp': 0.64, 'Dist': 334.195, 'redshift': 0.0739094387450784, '2MASS': '16461839+4455191', 'f_M*': nan, 'PGC': '       ', 'M*': '   2.00000', 'Bmag': 16.96, 'e_Bmag': 0.8480000000000001, 'SDSS-DR16Q': nan, 'f_dL': 1.0, 'e_M*': ' 1.000e+00', 'e_logd25Hyp': 0.27, 'WISExSCOS': 'J164618.50+445519.7', 'HyperLEDA': '3130793                      ', 'Type': 'G', 'logr25Hyp': 0.08, 'e_logr25Hyp': 0.1, 'GWGC': nan}",,,,,,True,,,,,,,,,,,,,,,,,0.0,,-20.659999741710045,,,43214111827519.6,,3130793.0,2571455.0,,5.885518626695136,,,inf,,,0.0739094387450784,,,0.9999999999999768,6.0,,,,7.713529660490496e-15,,,,2.3140588981471492e-14,0.0222032070159912,,,,,,,,,7.713529660490496e-15,,,,,
ANT2025vmp48n6axb1z,264.4631284171138,25.29050689738284,False,,,,,,,,,,,,0.9999999999999853,decals,dr9,388808800000000.0,251.28699,16.499575,,,,,"{'shape_e2_ivar': 1023315.4, 'z_spec': -99, 'nobs_g': 4, 'dered_flux_r': 251.28699, 'type': 'SER', 'nobs_z': 4, 'nobs_r': 3, 'fitbits': 136, 'dered_mag_r': 16.499575, 'z_phot_mean': 0.086944, 'shape_r_ivar': 19017.307, 'ra_ivar': 551026250000000.0, 'shape_r': 5.733493, 'shape_e2': -0.035956, 'flux_ivar_r': 10.415463, 'mag_r': 16.630377, 'dec_ivar': 388808800000000.0, 'shape_e1': -0.018379, 'z_phot_std': 0.031677, 'z_phot_median': 0.088973, 'shape_e1_ivar': 646573.0, 'flux_r': 222.76636}",,,136.0,10.415463,222.76636,True,r,-21.350820714794835,,0.9821109,25.29148059962159,,9906630721215159,,3.5918568203746255,0.0,0.0942768775949883,264.4628916423242,PHOT,0.304532,,0.075433,0.0,r,-21.492639128909552,,0.8249787500000001,67986138209580.41,25.291504624622902,9906630721215163,9906630721215163,,3.648622805003251,0.9999999999999852,0.09442708780121206,inf,264.46293605751623,PHOT,0.086944,,0.031677,0.9999999999999852,0.0,,,16.630377,4.902960252070268e-15,4.0,3.0,4.0,1.4708880756210805e-14,2.368604898452759,551026250000000.0,,-0.018379,646573.0,-0.035956,1023315.4,5.733493,19017.307,4.902960252070268e-15,SER,0.086944,0.088973,0.031677,-99.0
ANT2025q5po52333ll8,313.96043114999986,62.97031215923097,False,,,,,,,,,,,,,,,,,,,,,,,,,,,,False,,,,,,,,,,,,,,,,,,,,,,,,nan,,,,,,,,,,,,,,,,,,,,,,,,,,,,,,,,,,,,
